Hans,py,py2
阿,ā,a1
啊,a,a1
呵,kē,a1
腌,yān,a1
吖,ā,a1
锕,ā,a1
啊,a,a2
呵,kē,a2
嗄,shà,a2
啊,a,a3
呵,kē,a3
啊,a,a4
呵,kē,a4
阿,ā,a5
啊,a,a5
呵,kē,a5
哀,āi,ai1
挨,ái,ai1
埃,āi,ai1
唉,ài,ai1
哎,ài,ai1
捱,ái,ai1
锿,āi,ai1
呆,dāi,ai2
挨,ái,ai2
癌,ái,ai2
皑,ái,ai2
捱,ái,ai2
矮,ǎi,ai3
哎,ài,ai3
蔼,ǎi,ai3
霭,ǎi,ai3
嗳,ài,ai3
爱,ài,ai4
碍,ài,ai4
艾,yì,ai4
唉,ài,ai4
哎,ài,ai4
隘,ài,ai4
暧,ài,ai4
嗳,ài,ai4
瑷,ài,ai4
嗌,yì,ai4
嫒,ài,ai4
砹,ài,ai4
安,ān,an1
谙,ān,an1
鞍,ān,an1
氨,ān,an1
庵,ān,an1
桉,ān,an1
鹌,ān,an1
广,guǎng,an1
厂,chǎng,an1
俺,ǎn,an3
铵,ǎn,an3
揞,ǎn,an3
埯,ǎn,an3
案,àn,an4
按,àn,an4
暗,àn,an4
岸,àn,an4
黯,àn,an4
胺,àn,an4
犴,àn,an4
肮,āng,ang1
昂,áng,ang2
盎,àng,ang4
熬,áo,ao1
凹,āo,ao1
熬,áo,ao2
敖,áo,ao2
嚣,xiāo,ao2
嗷,áo,ao2
鏖,áo,ao2
鳌,áo,ao2
翱,áo,ao2
獒,áo,ao2
聱,áo,ao2
螯,áo,ao2
廒,áo,ao2
遨,áo,ao2
袄,ǎo,ao3
拗,nìu,ao3
媪,ǎo,ao3
奥,ào,ao4
澳,ào,ao4
傲,ào,ao4
懊,ào,ao4
坳,ào,ao4
拗,nìu,ao4
骜,ào,ao4
岙,ào,ao4
鏊,ào,ao4
八,bá,ba1
吧,ba,ba1
巴,bā,ba1
叭,bā,ba1
芭,bā,ba1
扒,pá,ba1
疤,bā,ba1
笆,bā,ba1
粑,bā,ba1
岜,bā,ba1
捌,bā,ba1
八,bá,ba2
拔,bá,ba2
跋,bá,ba2
茇,bá,ba2
菝,bá,ba2
魃,bá,ba2
把,bà,ba3
靶,bǎ,ba3
钯,pá,ba3
把,bà,ba4
爸,bà,ba4
罢,ba,ba4
霸,bà,ba4
坝,bà,ba4
耙,pá,ba4
灞,bà,ba4
鲅,bà,ba4
吧,ba,ba5
罢,ba,ba5
掰,bò,bai1
白,bái,bai2
百,bó,bai3
摆,bǎi,bai3
伯,bó,bai3
柏,bò,bai3
佰,bǎi,bai3
捭,bǎi,bai3
败,bài,bai4
拜,bài,bai4
呗,bêi,bai4
稗,bài,bai4
般,bān,ban1
班,bān,ban1
搬,bān,ban1
斑,bān,ban1
颁,bān,ban1
扳,pān,ban1
瘢,bān,ban1
癍,bān,ban1
版,bǎn,ban3
板,bǎn,ban3
阪,bǎn,ban3
坂,bǎn,ban3
钣,bǎn,ban3
舨,bǎn,ban3
办,bàn,ban4
半,bàn,ban4
伴,bàn,ban4
扮,bàn,ban4
瓣,bàn,ban4
拌,bàn,ban4
绊,bàn,ban4
帮,bāng,bang1
邦,bāng,bang1
浜,bāng,bang1
梆,bāng,bang1
膀,páng,bang3
榜,bǎng,bang3
绑,bǎng,bang3
棒,bàng,bang4
膀,páng,bang4
傍,bàng,bang4
磅,páng,bang4
谤,bàng,bang4
镑,bàng,bang4
蚌,bèng,bang4
蒡,bàng,bang4
包,bāo,bao1
胞,bāo,bao1
炮,pào,bao1
剥,bō,bao1
褒,bāo,bao1
苞,bāo,bao1
孢,bāo,bao1
煲,bāo,bao1
龅,bāo,bao1
薄,bò,bao2
雹,báo,bao2
保,bǎo,bao3
宝,bǎo,bao3
饱,bǎo,bao3
堡,pù,bao3
葆,bǎo,bao3
褓,bǎo,bao3
鸨,bǎo,bao3
报,bào,bao4
暴,pù,bao4
抱,bào,bao4
爆,bào,bao4
鲍,bào,bao4
曝,pù,bao4
刨,páo,bao4
瀑,pù,bao4
豹,bào,bao4
趵,bō,bao4
背,bèi,bei1
悲,bēi,bei1
杯,bēi,bei1
碑,bēi,bei1
卑,bēi,bei1
陂,pō,bei1
埤,pí,bei1
萆,bì,bei1
鹎,bēi,bei1
北,běi,bei3
被,bèi,bei4
备,bèi,bei4
背,bèi,bei4
辈,bèi,bei4
倍,bèi,bei4
贝,bèi,bei4
蓓,bèi,bei4
惫,bèi,bei4
悖,bèi,bei4
狈,bèi,bei4
焙,bèi,bei4
邶,bèi,bei4
钡,bèi,bei4
孛,bó,bei4
碚,bèi,bei4
褙,bèi,bei4
鐾,bèi,bei4
鞴,bèi,bei4
臂,bì,bei5
呗,bêi,bei5
奔,bèn,ben1
贲,bì,ben1
锛,bēn,ben1
本,běn,ben3
苯,běn,ben3
畚,běn,ben3
奔,bèn,ben4
笨,bèn,ben4
夯,hāng,ben4
坌,bèn,ben4
崩,bēng,beng1
绷,bèng,beng1
嘣,bēng,beng1
甭,béng,beng2
绷,bèng,beng3
绷,bèng,beng4
蹦,bèng,beng4
迸,bèng,beng4
甏,bèng,beng4
泵,bèng,beng4
蚌,bèng,beng4
逼,bī,bi1
鼻,bí,bi2
荸,bí,bi2
比,bǐ,bi3
笔,bǐ,bi3
彼,bǐ,bi3
鄙,bǐ,bi3
匕,bǐ,bi3
俾,bǐ,bi3
妣,bǐ,bi3
吡,pǐ,bi3
秕,bǐ,bi3
舭,bǐ,bi3
必,bì,bi4
毕,bì,bi4
币,bì,bi4
秘,mì,bi4
避,bì,bi4
闭,bì,bi4
壁,bì,bi4
臂,bì,bi4
弊,bì,bi4
辟,pì,bi4
碧,bì,bi4
拂,fú,bi4
毙,bì,bi4
蔽,bì,bi4
庇,bì,bi4
璧,bì,bi4
敝,bì,bi4
泌,mì,bi4
陛,bì,bi4
弼,bì,bi4
篦,bì,bi4
婢,bì,bi4
愎,bì,bi4
痹,bì,bi4
铋,bì,bi4
裨,pí,bi4
濞,bì,bi4
髀,bì,bi4
庳,bì,bi4
毖,bì,bi4
滗,bì,bi4
蓖,bì,bi4
埤,pí,bi4
芘,pí,bi4
嬖,bì,bi4
荜,bì,bi4
贲,bì,bi4
畀,bì,bi4
萆,bì,bi4
薜,bì,bi4
筚,bì,bi4
箅,bì,bi4
哔,bì,bi4
襞,bì,bi4
跸,bì,bi4
狴,bì,bi4
编,biān,bian1
边,bian,bian1
鞭,biān,bian1
砭,biān,bian1
煸,biān,bian1
蝙,biān,bian1
笾,biān,bian1
鳊,biān,bian1
贬,biǎn,bian3
扁,piān,bian3
匾,biǎn,bian3
碥,biǎn,bian3
窆,biǎn,bian3
褊,biǎn,bian3
便,pián,bian4
变,biàn,bian4
遍,biàn,bian4
辩,biàn,bian4
辨,biàn,bian4
辫,biàn,bian4
卞,biàn,bian4
苄,biàn,bian4
汴,biàn,bian4
忭,biàn,bian4
弁,biàn,bian4
缏,pián,bian4
边,bian,bian5
标,biāo,biao1
彪,biāo,biao1
勺,sháo,biao1
镖,biāo,biao1
膘,biāo,biao1
骠,piào,biao1
镳,biāo,biao1
杓,sháo,biao1
飚,biāo,biao1
飑,biāo,biao1
飙,biāo,biao1
瘭,biāo,biao1
髟,shān,biao1
表,biǎo,biao3
裱,biǎo,biao3
婊,biǎo,biao3
鳔,biào,biao4
憋,biē,bie1
瘪,biě,bie1
鳖,biē,bie1
别,biè,bie2
蹩,bié,bie2
瘪,biě,bie3
别,biè,bie4
宾,bīn,bin1
滨,bīn,bin1
彬,bīn,bin1
斌,bīn,bin1
缤,bīn,bin1
濒,bīn,bin1
槟,bīng,bin1
傧,bīn,bin1
玢,fēn,bin1
豳,bīn,bin1
镔,bīn,bin1
鬓,bìn,bin4
殡,bìn,bin4
摈,bìn,bin4
膑,bìn,bin4
髌,bìn,bin4
并,bìng,bing1
兵,bīng,bing1
冰,bīng,bing1
槟,bīng,bing1
饼,bǐng,bing3
屏,píng,bing3
丙,bǐng,bing3
柄,bǐng,bing3
秉,bǐng,bing3
炳,bǐng,bing3
禀,bǐng,bing3
邴,bǐng,bing3
并,bìng,bing4
病,bìng,bing4
摒,bìng,bing4
般,bān,bo1
波,bō,bo1
播,bō,bo1
拨,bō,bo1
剥,bō,bo1
玻,bō,bo1
饽,bō,bo1
菠,bō,bo1
钵,bō,bo1
趵,bō,bo1
百,bó,bo2
博,bó,bo2
伯,bó,bo2
勃,bó,bo2
薄,bò,bo2
泊,pō,bo2
柏,bò,bo2
驳,bó,bo2
魄,tuò,bo2
脖,bó,bo2
搏,bó,bo2
膊,bó,bo2
舶,bó,bo2
礴,bó,bo2
帛,bó,bo2
铂,bó,bo2
箔,bó,bo2
渤,bó,bo2
钹,bó,bo2
孛,bó,bo2
亳,bó,bo2
鹁,bó,bo2
踣,bó,bo2
簸,bò,bo3
跛,bǒ,bo3
薄,bò,bo4
柏,bò,bo4
簸,bò,bo4
掰,bò,bo4
擘,bò,bo4
檗,bò,bo4
卜,bǔ,bo5
啵,bo,bo5
逋,bū,bu1
晡,bū,bu1
钸,bū,bu1
不,bù,bu2
醭,bú,bu2
补,bǔ,bu3
捕,bǔ,bu3
堡,pù,bu3
卜,bǔ,bu3
哺,bǔ,bu3
卟,bǔ,bu3
不,bù,bu4
部,bù,bu4
布,bù,bu4
步,bù,bu4
怖,bù,bu4
簿,bù,bu4
埔,pǔ,bu4
埠,bù,bu4
瓿,bù,bu4
钚,bù,bu4
擦,cā,ca1
拆,chāi,ca1
嚓,chā,ca1
礤,cǎ,ca3
猜,cāi,cai1
才,cái,cai2
财,cái,cai2
材,cái,cai2
裁,cái,cai2
采,cài,cai3
彩,cǎi,cai3
踩,cǎi,cai3
睬,cǎi,cai3
采,cài,cai4
菜,cài,cai4
蔡,cài,cai4
参,shēn,can1
餐,cān,can1
骖,cān,can1
残,cán,can2
惭,cán,can2
蚕,cán,can2
惨,càn,can3
黪,cǎn,can3
惨,càn,can4
灿,càn,can4
掺,shǎn,can4
璨,càn,can4
孱,chán,can4
粲,càn,can4
苍,cāng,cang1
仓,cāng,cang1
沧,cāng,cang1
舱,cāng,cang1
伧,chên,cang1
藏,zàng,cang2
操,cāo,cao1
糙,cāo,cao1
曹,cáo,cao2
槽,cáo,cao2
嘈,cáo,cao2
漕,cáo,cao2
螬,cáo,cao2
艚,cáo,cao2
草,cǎo,cao3
策,cè,ce4
测,cè,ce4
侧,cè,ce4
厕,si,ce4
册,cè,ce4
恻,cè,ce4
参,shēn,cen1
岑,cén,cen2
涔,cén,cen2
噌,chēng,ceng1
曾,céng,ceng2
层,céng,ceng2
蹭,cèng,ceng4
差,cī,cha1
插,chā,cha1
叉,chà,cha1
碴,chá,cha1
喳,zhā,cha1
嚓,chā,cha1
杈,chà,cha1
馇,chā,cha1
锸,chā,cha1
查,chá,cha2
察,chá,cha2
茶,chá,cha2
叉,chà,cha2
茬,chá,cha2
碴,chá,cha2
楂,zhā,cha2
猹,chá,cha2
搽,chá,cha2
槎,chá,cha2
檫,chá,cha2
叉,chà,cha3
衩,chà,cha3
镲,chǎ,cha3
差,cī,cha4
刹,shā,cha4
叉,chà,cha4
诧,chà,cha4
岔,chà,cha4
衩,chà,cha4
杈,chà,cha4
汊,chà,cha4
姹,chà,cha4
差,cī,chai1
拆,chāi,chai1
钗,chāi,chai1
柴,chái,chai2
豺,chái,chai2
侪,chái,chai2
虿,chài,chai4
瘥,cuó,chai4
搀,chān,chan1
掺,shǎn,chan1
觇,chān,chan1
单,shàn,chan2
缠,chán,chan2
禅,shàn,chan2
蝉,chán,chan2
馋,chán,chan2
潺,chán,chan2
蟾,chán,chan2
婵,chán,chan2
谗,chán,chan2
廛,chán,chan2
孱,chán,chan2
镡,xín,chan2
澶,chán,chan2
躔,chán,chan2
产,chǎn,chan3
铲,chǎn,chan3
阐,chǎn,chan3
谄,chǎn,chan3
冁,chǎn,chan3
蒇,chǎn,chan3
骣,chǎn,chan3
颤,chàn,chan4
忏,chàn,chan4
羼,chàn,chan4
昌,chāng,chang1
娼,chāng,chang1
猖,chāng,chang1
伥,chāng,chang1
阊,chāng,chang1
菖,chāng,chang1
鲳,chāng,chang1
长,zhǎng,chang2
场,chǎng,chang2
常,cháng,chang2
尝,cháng,chang2
肠,cháng,chang2
偿,cháng,chang2
倘,tǎng,chang2
裳,shang,chang2
嫦,cháng,chang2
徜,cháng,chang2
苌,cháng,chang2
场,chǎng,chang3
厂,chǎng,chang3
敞,chǎng,chang3
氅,chǎng,chang3
昶,chǎng,chang3
惝,chǎng,chang3
唱,chàng,chang4
畅,chàng,chang4
倡,chàng,chang4
怅,chàng,chang4
鬯,chàng,chang4
超,chāo,chao1
抄,chāo,chao1
吵,chǎo,chao1
钞,chāo,chao1
绰,chuò,chao1
剿,jiǎo,chao1
焯,zhuō,chao1
怊,chāo,chao1
朝,zhāo,chao2
潮,cháo,chao2
嘲,zhāo,chao2
巢,cháo,chao2
晁,cháo,chao2
炒,chǎo,chao3
吵,chǎo,chao3
耖,chào,chao4
车,jū,che1
砗,chē,che1
尺,chǐ,che3
扯,chě,che3
彻,chè,che4
撤,chè,che4
澈,chè,che4
掣,chè,che4
坼,chè,che4
郴,chēn,chen1
琛,chēn,chen1
嗔,chēn,chen1
抻,chēn,chen1
陈,chén,chen2
沉,chén,chen2
晨,chén,chen2
沈,shěn,chen2
尘,chén,chen2
臣,chén,chen2
辰,chén,chen2
橙,chéng,chen2
忱,chén,chen2
谌,chén,chen2
宸,chén,chen2
碜,chěn,chen3
称,chèng,chen4
趁,chèn,chen4
衬,chèn,chen4
秤,chèng,chen4
谶,chèn,chen4
榇,chèn,chen4
龀,chèn,chen4
伧,chên,chen5
称,chèng,cheng1
撑,chēng,cheng1
秤,chèng,cheng1
瞠,chēng,cheng1
噌,chēng,cheng1
铛,dāng,cheng1
柽,chēng,cheng1
蛏,chēng,cheng1
成,chéng,cheng2
城,chéng,cheng2
程,chéng,cheng2
承,chéng,cheng2
诚,chéng,cheng2
盛,shèng,cheng2
乘,shèng,cheng2
呈,chéng,cheng2
惩,chéng,cheng2
澄,dèng,cheng2
橙,chéng,cheng2
丞,chéng,cheng2
埕,chéng,cheng2
枨,chéng,cheng2
塍,chéng,cheng2
铖,chéng,cheng2
裎,chěng,cheng2
酲,chéng,cheng2
逞,chěng,cheng3
骋,chěng,cheng3
裎,chěng,cheng3
称,chèng,cheng4
秤,chèng,cheng4
吃,chī,chi1
痴,chī,chi1
哧,chī,chi1
嗤,chī,chi1
蚩,chī,chi1
笞,chī,chi1
鸱,chī,chi1
媸,chī,chi1
螭,chī,chi1
眵,chī,chi1
魑,chī,chi1
持,chí,chi2
迟,chí,chi2
池,chí,chi2
驰,chí,chi2
匙,shi,chi2
弛,chí,chi2
踟,chí,chi2
墀,chí,chi2
茌,chí,chi2
篪,chí,chi2
坻,dǐ,chi2
尺,chǐ,chi3
齿,chǐ,chi3
耻,chǐ,chi3
侈,chǐ,chi3
褫,chǐ,chi3
豉,chǐ,chi3
赤,chì,chi4
斥,chì,chi4
翅,chì,chi4
啻,chì,chi4
炽,chì,chi4
敕,chì,chi4
叱,chì,chi4
饬,chì,chi4
傺,chì,chi4
彳,chì,chi4
瘛,chì,chi4
冲,chòng,chong1
充,chōng,chong1
涌,yǒng,chong1
憧,chōng,chong1
忡,chōng,chong1
艟,chōng,chong1
舂,chōng,chong1
茺,chōng,chong1
种,zhòng,chong2
重,zhòng,chong2
崇,chóng,chong2
虫,chóng,chong2
宠,chǒng,chong3
冲,chòng,chong4
铳,chòng,chong4
抽,chōu,chou1
瘳,chōu,chou1
愁,chóu,chou2
仇,qíu,chou2
筹,chóu,chou2
酬,chóu,chou2
绸,chóu,chou2
踌,chóu,chou2
惆,chóu,chou2
畴,chóu,chou2
稠,chóu,chou2
帱,dào,chou2
俦,chóu,chou2
雠,chóu,chou2
丑,chǒu,chou3
瞅,chǒu,chou3
臭,chòu,chou4
出,chū,chu1
初,chū,chu1
樗,chū,chu1
除,chú,chu2
厨,chú,chu2
躇,chú,chu2
橱,chú,chu2
雏,chú,chu2
锄,chú,chu2
蜍,chú,chu2
刍,chú,chu2
滁,chú,chu2
蹰,chú,chu2
处,chù,chu3
楚,chǔ,chu3
储,chǔ,chu3
础,chǔ,chu3
杵,chǔ,chu3
褚,zhǔ,chu3
楮,chǔ,chu3
处,chù,chu4
触,chù,chu4
畜,chù,chu4
矗,chù,chu4
怵,chù,chu4
搐,chù,chu4
绌,chù,chu4
黜,chù,chu4
亍,chù,chu4
憷,chù,chu4
揣,chuài,chuai1
搋,chuāi,chuai1
揣,chuài,chuai3
揣,chuài,chuai4
啜,chuò,chuai4
踹,chuài,chuai4
嘬,zuō,chuai4
膪,chuài,chuai4
穿,chuān,chuan1
川,chuān,chuan1
巛,chuān,chuan1
氚,chuān,chuan1
传,zhuàn,chuan2
船,chuán,chuan2
遄,chuán,chuan2
椽,chuán,chuan2
舡,chuán,chuan2
喘,chuǎn,chuan3
舛,chuǎn,chuan3
串,chuàn,chuan4
钏,chuàn,chuan4
创,chuàng,chuang1
窗,chuāng,chuang1
疮,chuāng,chuang1
床,chuáng,chuang2
幢,zhuàng,chuang2
闯,chuǎng,chuang3
创,chuàng,chuang4
怆,chuàng,chuang4
吹,chuī,chui1
炊,chuī,chui1
垂,chuí,chui2
锤,chuí,chui2
捶,chuí,chui2
陲,chuí,chui2
椎,zhuī,chui2
槌,chuí,chui2
棰,chuí,chui2
春,chūn,chun1
椿,chūn,chun1
蝽,chūn,chun1
纯,chún,chun2
唇,chún,chun2
醇,chún,chun2
淳,chún,chun2
鹑,chún,chun2
莼,chún,chun2
蠢,chǔn,chun3
戳,chuō,chuo1
踔,chuō,chuo1
绰,chuò,chuo4
啜,chuò,chuo4
辍,chuò,chuo4
龊,chuò,chuo4
差,cī,ci1
刺,cì,ci1
疵,cī,ci1
呲,zī,ci1
词,cí,ci2
辞,cí,ci2
慈,cí,ci2
磁,cí,ci2
瓷,cí,ci2
兹,zī,ci2
茨,cí,ci2
雌,cí,ci2
祠,cí,ci2
茈,zǐ,ci2
鹚,cí,ci2
糍,cí,ci2
此,cǐ,ci3
次,cì,ci4
刺,cì,ci4
赐,cì,ci4
伺,sì,ci4
从,cóng,cong1
匆,cōng,cong1
聪,cōng,cong1
葱,cōng,cong1
囱,cōng,cong1
苁,cōng,cong1
骢,cōng,cong1
璁,cōng,cong1
枞,zōng,cong1
从,cóng,cong2
丛,cóng,cong2
琮,cóng,cong2
淙,cóng,cong2
凑,còu,cou4
楱,còu,cou4
辏,còu,cou4
腠,còu,cou4
粗,cū,cu1
徂,cú,cu2
殂,cú,cu2
促,cù,cu4
簇,cù,cu4
醋,cù,cu4
卒,zú,cu4
猝,cù,cu4
蹴,cù,cu4
蹙,cù,cu4
蔟,cù,cu4
酢,zuò,cu4
蹿,cuān,cuan1
撺,cuān,cuan1
汆,cuān,cuan1
镩,cuān,cuan1
攒,zǎn,cuan2
窜,cuàn,cuan4
篡,cuàn,cuan4
爨,cuàn,cuan4
衰,shuāi,cui1
催,cuī,cui1
摧,cuī,cui1
崔,cuī,cui1
隹,zhuī,cui1
榱,cuī,cui1
璀,cuǐ,cui3
脆,cuì,cui4
粹,cuì,cui4
萃,cuì,cui4
翠,cuì,cui4
瘁,cuì,cui4
悴,cuì,cui4
淬,cuì,cui4
毳,cuì,cui4
啐,cuì,cui4
村,cūn,cun1
皴,cūn,cun1
存,cún,cun2
蹲,dūn,cun2
忖,cǔn,cun3
寸,cùn,cun4
搓,cuō,cuo1
撮,zuǒ,cuo1
磋,cuō,cuo1
蹉,cuō,cuo1
嵯,cuó,cuo2
矬,cuó,cuo2
痤,cuó,cuo2
瘥,cuó,cuo2
鹾,cuó,cuo2
撮,zuǒ,cuo3
脞,cuǒ,cuo3
错,cuò,cuo4
措,cuò,cuo4
挫,cuò,cuo4
厝,cuò,cuo4
锉,cuò,cuo4
答,dá,da1
搭,dā,da1
嗒,tà,da1
耷,dā,da1
褡,dā,da1
哒,dā,da1
打,dǎ,da2
达,dá,da2
答,dá,da2
瘩,dá,da2
沓,tà,da2
鞑,dá,da2
怛,dá,da2
笪,dá,da2
靼,dá,da2
妲,dá,da2
打,dǎ,da3
大,dài,da4
塔,tǎ,da5
疸,dǎn,da5
待,dài,dai1
呆,dāi,dai1
呔,tǎi,dai1
逮,dài,dai3
歹,dǎi,dai3
傣,dǎi,dai3
大,dài,dai4
代,dài,dai4
带,dài,dai4
待,dài,dai4
戴,dài,dai4
袋,dài,dai4
贷,dài,dai4
逮,dài,dai4
殆,dài,dai4
黛,dài,dai4
怠,dài,dai4
玳,dài,dai4
岱,dài,dai4
迨,dài,dai4
骀,tái,dai4
绐,dài,dai4
埭,dài,dai4
甙,dài,dai4
单,shàn,dan1
担,dàn,dan1
丹,dān,dan1
耽,dān,dan1
眈,dān,dan1
殚,dān,dan1
箪,dān,dan1
儋,dān,dan1
瘅,dàn,dan1
聃,dān,dan1
郸,dān,dan1
担,dàn,dan3
胆,dǎn,dan3
掸,shàn,dan3
赕,dǎn,dan3
疸,dǎn,dan3
瘅,dàn,dan3
但,dàn,dan4
担,dàn,dan4
石,shí,dan4
弹,tán,dan4
淡,dàn,dan4
旦,dàn,dan4
蛋,dàn,dan4
诞,dàn,dan4
惮,dàn,dan4
啖,dàn,dan4
澹,tán,dan4
氮,dàn,dan4
萏,dàn,dan4
瘅,dàn,dan4
当,dàng,dang1
裆,dāng,dang1
铛,dāng,dang1
党,dǎng,dang3
挡,dàng,dang3
谠,dǎng,dang3
当,dàng,dang4
荡,dàng,dang4
档,dàng,dang4
挡,dàng,dang4
宕,dàng,dang4
菪,dàng,dang4
凼,dàng,dang4
砀,dàng,dang4
刀,dāo,dao1
叨,tāo,dao1
忉,dāo,dao1
氘,dāo,dao1
叨,tāo,dao2
导,dǎo,dao3
倒,dào,dao3
岛,dǎo,dao3
蹈,dǎo,dao3
捣,dǎo,dao3
祷,dǎo,dao3
到,dào,dao4
道,dào,dao4
倒,dào,dao4
悼,dào,dao4
盗,dào,dao4
稻,dào,dao4
焘,tāo,dao4
帱,dào,dao4
纛,dào,dao4
得,děi,de2
德,dé,de2
锝,dé,de2
的,dê,de5
地,dì,de5
得,děi,de5
底,dǐ,de5
得,děi,dei3
登,dēng,deng1
灯,dēng,deng1
蹬,dèng,deng1
噔,dēng,deng1
簦,dēng,deng1
等,děng,deng3
戥,děng,deng3
邓,dèng,deng4
凳,dèng,deng4
瞪,dèng,deng4
澄,dèng,deng4
蹬,dèng,deng4
磴,dèng,deng4
镫,dèng,deng4
嶝,dèng,deng4
提,tí,di1
低,dī,di1
滴,dī,di1
堤,dī,di1
嘀,dí,di1
氐,dǐ,di1
镝,dí,di1
羝,dī,di1
的,dê,di2
敌,dí,di2
迪,dí,di2
笛,dí,di2
涤,dí,di2
嘀,dí,di2
狄,dí,di2
嫡,dí,di2
翟,zhái,di2
荻,dí,di2
籴,dí,di2
觌,dí,di2
镝,dí,di2
底,dǐ,di3
抵,dǐ,di3
诋,dǐ,di3
邸,dǐ,di3
砥,dǐ,di3
坻,dǐ,di3
柢,dǐ,di3
氐,dǐ,di3
骶,dǐ,di3
的,dê,di4
地,dì,di4
第,dì,di4
帝,dì,di4
弟,dì,di4
递,dì,di4
蒂,dì,di4
缔,dì,di4
谛,dì,di4
睇,dì,di4
棣,dì,di4
娣,dì,di4
碲,dì,di4
绨,tì,di4
嗲,diǎ,dia3
颠,diān,dian1
滇,diān,dian1
掂,diān,dian1
癫,diān,dian1
巅,diān,dian1
点,diǎn,dian3
典,diǎn,dian3
碘,diǎn,dian3
踮,diē,dian3
丶,diǎn,dian3
电,diàn,dian4
店,diàn,dian4
甸,diàn,dian4
淀,diàn,dian4
垫,diàn,dian4
殿,diàn,dian4
奠,diàn,dian4
惦,diàn,dian4
佃,tián,dian4
玷,diàn,dian4
簟,diàn,dian4
坫,diàn,dian4
靛,diàn,dian4
钿,tián,dian4
癜,diàn,dian4
阽,yán,dian4
雕,diāo,diao1
刁,diāo,diao1
凋,diāo,diao1
叼,diāo,diao1
貂,diāo,diao1
碉,diāo,diao1
鲷,diāo,diao1
鸟,niǎo,diao3
调,tiáo,diao4
掉,diào,diao4
吊,diào,diao4
钓,diào,diao4
铫,yáo,diao4
铞,diào,diao4
爹,diē,die1
跌,diē,die1
踮,diē,die1
叠,dié,die2
迭,dié,die2
碟,dié,die2
谍,dié,die2
蝶,dié,die2
喋,zhá,die2
佚,yì,die2
牒,dié,die2
耋,dié,die2
蹀,dié,die2
堞,dié,die2
瓞,dié,die2
揲,dié,die2
垤,dié,die2
鲽,dié,die2
丁,dīng,ding1
盯,dīng,ding1
钉,dìng,ding1
叮,dīng,ding1
町,tǐng,ding1
酊,dǐng,ding1
疔,dīng,ding1
仃,dīng,ding1
耵,dīng,ding1
玎,dīng,ding1
顶,dǐng,ding3
鼎,dǐng,ding3
酊,dǐng,ding3
定,dìng,ding4
订,dìng,ding4
钉,dìng,ding4
铤,tǐng,ding4
腚,dìng,ding4
锭,dìng,ding4
碇,dìng,ding4
啶,dìng,ding4
丢,dīu,diu1
铥,dīu,diu1
东,dōng,dong1
冬,dōng,dong1
咚,dōng,dong1
岽,dōng,dong1
氡,dōng,dong1
鸫,dōng,dong1
懂,dǒng,dong3
董,dǒng,dong3
硐,dòng,dong3
动,dòng,dong4
洞,dòng,dong4
冻,dòng,dong4
栋,dòng,dong4
恫,tōng,dong4
侗,tǒng,dong4
垌,tóng,dong4
峒,tóng,dong4
胨,dòng,dong4
胴,dòng,dong4
硐,dòng,dong4
都,dū,dou1
兜,dōu,dou1
蔸,dōu,dou1
篼,dōu,dou1
斗,dòu,dou3
抖,dǒu,dou3
陡,dǒu,dou3
蚪,dǒu,dou3
读,dú,dou4
斗,dòu,dou4
豆,dòu,dou4
逗,dòu,dou4
窦,dòu,dou4
痘,dòu,dou4
都,dū,du1
督,dū,du1
嘟,dū,du1
读,dú,du2
独,dú,du2
顿,dùn,du2
毒,dú,du2
渎,dú,du2
牍,dú,du2
犊,dú,du2
黩,dú,du2
髑,dú,du2
椟,dú,du2
肚,dù,du3
睹,dǔ,du3
堵,dǔ,du3
赌,dǔ,du3
笃,dǔ,du3
度,duó,du4
渡,dù,du4
肚,dù,du4
杜,dù,du4
妒,dù,du4
镀,dù,du4
芏,dù,du4
蠹,dù,du4
端,duān,duan1
短,duǎn,duan3
断,duàn,duan4
段,duàn,duan4
锻,duàn,duan4
缎,duàn,duan4
煅,duàn,duan4
椴,duàn,duan4
簖,duàn,duan4
堆,zuī,dui1
对,duì,dui4
队,duì,dui4
兑,duì,dui4
敦,dūn,dui4
碓,duì,dui4
憝,duì,dui4
怼,duì,dui4
镦,dūn,dui4
吨,dūn,dun1
敦,dūn,dun1
蹲,dūn,dun1
墩,dūn,dun1
礅,dūn,dun1
镦,dūn,dun1
盹,dǔn,dun3
趸,dǔn,dun3
顿,dùn,dun4
盾,dùn,dun4
钝,dùn,dun4
炖,dùn,dun4
遁,dùn,dun4
沌,zhuàn,dun4
囤,tún,dun4
砘,dùn,dun4
多,duō,duo1
咄,duō,duo1
哆,duō,duo1
掇,duō,duo1
裰,duō,duo1
度,duó,duo2
夺,duó,duo2
踱,duó,duo2
铎,duó,duo2
朵,duǒ,duo3
躲,duǒ,duo3
垛,duò,duo3
哚,duǒ,duo3
缍,duǒ,duo3
舵,tuó,duo4
堕,duò,duo4
跺,duò,duo4
剁,duò,duo4
惰,duò,duo4
垛,duò,duo4
驮,tuó,duo4
沲,duò,duo4
柁,tuó,duo4
阿,ā,e1
婀,ē,e1
屙,ē,e1
额,é,e2
俄,é,e2
哦,wò,e2
鹅,é,e2
娥,é,e2
峨,é,e2
蛾,yǐ,e2
讹,é,e2
莪,é,e2
锇,é,e2
恶,wù,e3
恶,wù,e4
饿,è,e4
扼,è,e4
愕,è,e4
遏,è,e4
噩,è,e4
呃,ê,e4
厄,è,e4
鄂,è,e4
轭,è,e4
颚,è,e4
鳄,è,e4
谔,è,e4
锷,è,e4
萼,è,e4
腭,è,e4
垩,è,e4
鹗,è,e4
苊,è,e4
阏,yān,e4
呃,ê,e5
诶,èi,ei2
诶,èi,ei3
诶,èi,ei4
恩,ēn,en1
蒽,ēn,en1
摁,èn,en4
而,ér,er2
儿,ér,er2
鸸,ér,er2
鲕,ér,er2
尔,ěr,er3
耳,ěr,er3
迩,ěr,er3
饵,ěr,er3
洱,ěr,er3
珥,ěr,er3
铒,ěr,er3
二,èr,er4
贰,èr,er4
佴,nài,er4
发,fā,fa1
罚,fá,fa2
乏,fá,fa2
伐,fá,fa2
阀,fá,fa2
筏,fá,fa2
垡,fá,fa2
法,fǎ,fa3
砝,fǎ,fa3
发,fā,fa4
珐,fà,fa4
翻,fān,fan1
番,pān,fan1
帆,fān,fan1
藩,fān,fan1
幡,fān,fan1
蕃,fán,fan1
凡,fán,fan2
烦,fán,fan2
繁,pó,fan2
泛,fàn,fan2
樊,fán,fan2
蕃,fán,fan2
燔,fán,fan2
矾,fán,fan2
蘩,fán,fan2
钒,fán,fan2
蹯,fán,fan2
反,fǎn,fan3
返,fǎn,fan3
饭,fàn,fan4
犯,fàn,fan4
范,fàn,fan4
贩,fàn,fan4
泛,fàn,fan4
梵,fàn,fan4
畈,fàn,fan4
方,fāng,fang1
芳,fāng,fang1
妨,fáng,fang1
坊,fáng,fang1
邡,fāng,fang1
枋,fāng,fang1
钫,fāng,fang1
房,fáng,fang2
防,fáng,fang2
妨,fáng,fang2
坊,fáng,fang2
肪,fáng,fang2
鲂,fáng,fang2
访,fǎng,fang3
仿,fǎng,fang3
纺,fǎng,fang3
彷,páng,fang3
舫,fǎng,fang3
放,fàng,fang4
非,fēi,fei1
飞,fēi,fei1
啡,fēi,fei1
菲,fěi,fei1
扉,fēi,fei1
霏,fēi,fei1
妃,fēi,fei1
绯,fēi,fei1
蜚,fěi,fei1
鲱,fēi,fei1
肥,féi,fei2
腓,féi,fei2
淝,féi,fei2
菲,fěi,fei3
匪,fěi,fei3
诽,fěi,fei3
斐,fěi,fei3
蜚,fěi,fei3
翡,fěi,fei3
悱,fěi,fei3
篚,fěi,fei3
榧,fěi,fei3
费,fèi,fei4
废,fèi,fei4
沸,fèi,fei4
肺,fèi,fei4
吠,fèi,fei4
痱,fèi,fei4
狒,fèi,fei4
镄,fèi,fei4
芾,fú,fei4
分,fēn,fen1
纷,fēn,fen1
氛,fēn,fen1
芬,fēn,fen1
吩,fēn,fen1
酚,fēn,fen1
玢,fēn,fen1
坟,fén,fen2
焚,fén,fen2
汾,fén,fen2
棼,fén,fen2
鼢,fén,fen2
粉,fěn,fen3
分,fēn,fen4
份,fèn,fen4
奋,fèn,fen4
愤,fèn,fen4
粪,fèn,fen4
忿,fèn,fen4
偾,fèn,fen4
瀵,fèn,fen4
鲼,fèn,fen4
风,fēng,feng1
封,fēng,feng1
丰,fēng,feng1
峰,fēng,feng1
疯,fēng,feng1
锋,fēng,feng1
蜂,fēng,feng1
枫,fēng,feng1
烽,fēng,feng1
酆,fēng,feng1
葑,fèng,feng1
沣,fēng,feng1
砜,fēng,feng1
逢,féng,feng2
缝,fèng,feng2
冯,píng,feng2
讽,fěng,feng3
唪,fěng,feng3
奉,fèng,feng4
缝,fèng,feng4
凤,fèng,feng4
俸,fèng,feng4
葑,fèng,feng4
佛,fú,fo2
否,pǐ,fou3
缶,fǒu,fou3
夫,fú,fu1
肤,fū,fu1
敷,fū,fu1
孵,fū,fu1
呋,fū,fu1
稃,fú,fu1
麸,fū,fu1
趺,fū,fu1
跗,fū,fu1
夫,fú,fu2
服,fù,fu2
福,fú,fu2
佛,fú,fu2
幅,fú,fu2
伏,fú,fu2
符,fú,fu2
浮,fú,fu2
扶,fú,fu2
弗,fú,fu2
拂,fú,fu2
袱,fú,fu2
俘,fú,fu2
芙,fú,fu2
孚,fú,fu2
匐,fú,fu2
辐,fú,fu2
涪,fú,fu2
氟,fú,fu2
桴,fú,fu2
蜉,fú,fu2
苻,fú,fu2
茯,fú,fu2
莩,piǎo,fu2
菔,fú,fu2
幞,fú,fu2
怫,fú,fu2
艴,fú,fu2
郛,fú,fu2
绂,fú,fu2
绋,fú,fu2
凫,fú,fu2
祓,fú,fu2
砩,fú,fu2
黻,fú,fu2
罘,fú,fu2
稃,fú,fu2
蚨,fú,fu2
芾,fú,fu2
蝠,fú,fu2
府,fǔ,fu3
父,fù,fu3
腐,fǔ,fu3
抚,fǔ,fu3
辅,fǔ,fu3
甫,fǔ,fu3
俯,fǔ,fu3
斧,fǔ,fu3
脯,pú,fu3
釜,fǔ,fu3
腑,fǔ,fu3
拊,fǔ,fu3
滏,fǔ,fu3
黼,fǔ,fu3
服,fù,fu4
复,fù,fu4
父,fù,fu4
负,fù,fu4
副,fù,fu4
富,fù,fu4
付,fù,fu4
妇,fù,fu4
附,fù,fu4
赴,fù,fu4
腹,fù,fu4
覆,fù,fu4
赋,fù,fu4
傅,fù,fu4
缚,fù,fu4
咐,fu,fu4
阜,fù,fu4
讣,fù,fu4
驸,fù,fu4
赙,fù,fu4
馥,fù,fu4
蝮,fù,fu4
鲋,fù,fu4
鳆,fù,fu4
咐,fu,fu5
夹,jiá,ga1
咖,kā,ga1
嘎,gǎ,ga1
胳,gé,ga1
伽,qié,ga1
旮,gā,ga1
嘎,gǎ,ga2
噶,gá,ga2
轧,zhá,ga2
尜,gá,ga2
钆,gá,ga2
嘎,gǎ,ga3
尕,gǎ,ga3
尬,gà,ga4
该,gāi,gai1
赅,gāi,gai1
垓,gāi,gai1
陔,gāi,gai1
改,gǎi,gai3
概,gài,gai4
盖,gě,gai4
丐,gài,gai4
钙,gài,gai4
芥,jiè,gai4
溉,gài,gai4
戤,gài,gai4
干,gàn,gan1
甘,gān,gan1
肝,gān,gan1
杆,gǎn,gan1
尴,gān,gan1
乾,qián,gan1
竿,gān,gan1
坩,gān,gan1
苷,gān,gan1
柑,gān,gan1
泔,gān,gan1
矸,gān,gan1
疳,gān,gan1
酐,gān,gan1
感,gǎn,gan3
敢,gǎn,gan3
赶,gǎn,gan3
杆,gǎn,gan3
橄,gǎn,gan3
秆,gǎn,gan3
擀,gǎn,gan3
澉,gǎn,gan3
干,gàn,gan4
赣,gàn,gan4
淦,gàn,gan4
绀,gàn,gan4
旰,gàn,gan4
刚,gāng,gang1
钢,gàng,gang1
纲,gāng,gang1
缸,gāng,gang1
扛,káng,gang1
杠,gàng,gang1
冈,gāng,gang1
肛,gāng,gang1
罡,gāng,gang1
港,gǎng,gang3
岗,gǎng,gang3
钢,gàng,gang4
杠,gàng,gang4
戆,zhuàng,gang4
筻,gàng,gang4
高,gāo,gao1
糕,gāo,gao1
膏,gào,gao1
皋,gāo,gao1
羔,gāo,gao1
睾,gāo,gao1
篙,gāo,gao1
槔,gāo,gao1
稿,gǎo,gao3
搞,gǎo,gao3
藁,gǎo,gao3
槁,gǎo,gao3
缟,gǎo,gao3
镐,hào,gao3
杲,gǎo,gao3
告,gào,gao4
膏,gào,gao4
诰,gào,gao4
郜,gào,gao4
锆,gào,gao4
歌,gē,ge1
格,gé,ge1
哥,gē,ge1
戈,gē,ge1
割,gē,ge1
胳,gé,ge1
搁,gé,ge1
疙,gē,ge1
咯,luò,ge1
鸽,gē,ge1
屹,yì,ge1
仡,yì,ge1
圪,gē,ge1
纥,hé,ge1
袼,gē,ge1
革,gé,ge2
格,gé,ge2
隔,gé,ge2
葛,gě,ge2
阁,gé,ge2
胳,gé,ge2
搁,gé,ge2
蛤,há,ge2
嗝,gé,ge2
骼,gé,ge2
颌,hé,ge2
搿,gé,ge2
膈,gé,ge2
镉,gé,ge2
塥,gé,ge2
鬲,lì,ge2
个,gè,ge3
各,gè,ge3
合,hé,ge3
盖,gě,ge3
葛,gě,ge3
哿,gě,ge3
舸,gě,ge3
个,gè,ge4
各,gè,ge4
铬,gè,ge4
硌,luò,ge4
虼,gè,ge4
给,gěi,gei3
根,gēn,gen1
跟,gēn,gen1
哏,gén,gen2
艮,gèn,gen3
亘,gèn,gen4
艮,gèn,gen4
茛,gèn,gen4
更,gèng,geng1
耕,gēng,geng1
庚,gēng,geng1
羹,gēng,geng1
赓,gēng,geng1
耿,gěng,geng3
颈,jǐng,geng3
梗,gěng,geng3
哽,gěng,geng3
鲠,gěng,geng3
埂,gěng,geng3
绠,gěng,geng3
更,gèng,geng4
工,gōng,gong1
公,gōng,gong1
共,gòng,gong1
红,hóng,gong1
供,gòng,gong1
功,gōng,gong1
攻,gōng,gong1
宫,gōng,gong1
恭,gōng,gong1
躬,gōng,gong1
龚,gōng,gong1
弓,gōng,gong1
肱,gōng,gong1
蚣,gōng,gong1
觥,gōng,gong1
巩,gǒng,gong3
拱,gǒng,gong3
汞,gǒng,gong3
珙,gǒng,gong3
共,gòng,gong4
供,gòng,gong4
贡,gòng,gong4
句,jù,gou1
沟,gōu,gou1
勾,gōu,gou1
钩,gōu,gou1
篝,gōu,gou1
佝,gōu,gou1
枸,jǔ,gou1
缑,gōu,gou1
鞲,gōu,gou1
狗,gǒu,gou3
苟,gǒu,gou3
岣,gǒu,gou3
枸,jǔ,gou3
笱,gǒu,gou3
够,gòu,gou4
购,gòu,gou4
构,gòu,gou4
勾,gōu,gou4
觏,gòu,gou4
垢,gòu,gou4
诟,gòu,gou4
媾,gòu,gou4
遘,gòu,gou4
彀,gòu,gou4
姑,gū,gu1
骨,gǔ,gu1
孤,gū,gu1
估,gù,gu1
辜,gū,gu1
咕,gū,gu1
呱,guǎ,gu1
箍,gū,gu1
沽,gū,gu1
菇,gū,gu1
轱,gū,gu1
鸪,gū,gu1
毂,gǔ,gu1
菰,gū,gu1
蛄,gǔ,gu1
酤,gū,gu1
觚,gū,gu1
骨,gǔ,gu2
古,gǔ,gu3
股,gǔ,gu3
鼓,gǔ,gu3
骨,gǔ,gu3
谷,yù,gu3
贾,jiǎ,gu3
汩,gǔ,gu3
蛊,gǔ,gu3
毂,gǔ,gu3
鹄,hú,gu3
牯,gǔ,gu3
臌,gǔ,gu3
诂,gǔ,gu3
瞽,gǔ,gu3
罟,gǔ,gu3
钴,gǔ,gu3
嘏,jiǎ,gu3
蛄,gǔ,gu3
鹘,hú,gu3
故,gù,gu4
顾,gù,gu4
固,gù,gu4
估,gù,gu4
雇,gù,gu4
锢,gù,gu4
梏,gù,gu4
牿,gù,gu4
崮,gù,gu4
痼,gù,gu4
鲴,gù,gu4
括,kuò,gua1
瓜,guā,gua1
刮,guā,gua1
呱,guǎ,gua1
栝,kuò,gua1
胍,guā,gua1
鸹,guā,gua1
寡,guǎ,gua3
呱,guǎ,gua3
剐,guǎ,gua3
挂,guà,gua4
褂,guà,gua4
卦,guà,gua4
诖,guà,gua4
乖,guāi,guai1
掴,guó,guai1
拐,guǎi,guai3
怪,guài,guai4
关,guān,guan1
观,guàn,guan1
官,guān,guan1
冠,guàn,guan1
棺,guān,guan1
矜,qín,guan1
莞,wǎn,guan1
倌,guān,guan1
纶,lún,guan1
鳏,guān,guan1
管,guǎn,guan3
馆,guǎn,guan3
莞,wǎn,guan3
观,guàn,guan4
惯,guàn,guan4
冠,guàn,guan4
贯,guàn,guan4
罐,guàn,guan4
灌,guàn,guan4
掼,guàn,guan4
盥,guàn,guan4
涫,guàn,guan4
鹳,guàn,guan4
光,guāng,guang1
咣,guāng,guang1
胱,guāng,guang1
桄,guàng,guang1
广,guǎng,guang3
犷,guǎng,guang3
逛,guàng,guang4
桄,guàng,guang4
规,guī,gui1
归,guī,gui1
瑰,guī,gui1
龟,qīu,gui1
硅,guī,gui1
闺,guī,gui1
皈,guī,gui1
傀,kuǐ,gui1
圭,guī,gui1
妫,guī,gui1
鲑,guī,gui1
鬼,guǐ,gui3
轨,guǐ,gui3
诡,guǐ,gui3
癸,guǐ,gui3
匦,guǐ,gui3
庋,guǐ,gui3
宄,guǐ,gui3
晷,guǐ,gui3
簋,guǐ,gui3
贵,guì,gui4
桂,guì,gui4
跪,guì,gui4
柜,jǔ,gui4
刽,guì,gui4
炔,quē,gui4
刿,guì,gui4
桧,huì,gui4
炅,jiǒng,gui4
鳜,guì,gui4
滚,gǔn,gun3
鲧,gǔn,gun3
衮,gǔn,gun3
绲,gǔn,gun3
磙,gǔn,gun3
辊,gǔn,gun3
棍,gùn,gun4
过,guò,guo1
锅,guō,guo1
郭,guō,guo1
涡,wō,guo1
聒,guō,guo1
蝈,guō,guo1
崞,guō,guo1
埚,guō,guo1
呙,guō,guo1
国,guó,guo2
帼,guó,guo2
掴,guó,guo2
馘,guó,guo2
虢,guó,guo2
果,guǒ,guo3
裹,guǒ,guo3
猓,guǒ,guo3
椁,guǒ,guo3
蜾,guǒ,guo3
过,guò,guo4
哈,hà,ha1
铪,hā,ha1
虾,xiā,ha2
蛤,há,ha2
哈,hà,ha3
哈,hà,ha4
嘿,mò,hai1
咳,ké,hai1
嗨,hēi,hai1
还,hái,hai2
孩,hái,hai2
骸,hái,hai2
海,hǎi,hai3
胲,hǎi,hai3
醢,hǎi,hai3
害,hài,hai4
亥,hài,hai4
骇,hài,hai4
氦,hài,hai4
酣,hān,han1
憨,hān,han1
顸,hān,han1
鼾,hān,han1
蚶,hān,han1
含,hán,han2
寒,hán,han2
汗,hàn,han2
韩,hán,han2
涵,hán,han2
函,hán,han2
晗,hán,han2
焓,hán,han2
邯,hán,han2
邗,hán,han2
喊,hǎn,han3
罕,hǎn,han3
阚,kàn,han3
汉,hàn,han4
汗,hàn,han4
憾,hàn,han4
翰,hàn,han4
撼,hàn,han4
旱,hàn,han4
捍,hàn,han4
悍,hàn,han4
瀚,hàn,han4
焊,hàn,han4
颔,hàn,han4
菡,hàn,han4
撖,hàn,han4
夯,hāng,hang1
行,xíng,hang2
航,háng,hang2
吭,kēng,hang2
杭,háng,hang2
绗,háng,hang2
珩,héng,hang2
颃,háng,hang2
行,xíng,hang4
巷,xiàng,hang4
沆,hàng,hang4
蒿,hāo,hao1
薅,hāo,hao1
嚆,hāo,hao1
号,hào,hao2
毫,háo,hao2
豪,háo,hao2
嚎,háo,hao2
壕,háo,hao2
貉,mò,hao2
嗥,háo,hao2
濠,háo,hao2
蚝,háo,hao2
好,hào,hao3
郝,hǎo,hao3
好,hào,hao4
号,hào,hao4
浩,hào,hao4
耗,hào,hao4
皓,hào,hao4
昊,hào,hao4
灏,hào,hao4
镐,hào,hao4
颢,hào,hao4
喝,hè,he1
呵,kē,he1
诃,hē,he1
嗬,hē,he1
和,hé,he2
何,hè,he2
合,hé,he2
河,hé,he2
核,hé,he2
盒,hé,he2
禾,hé,he2
荷,hè,he2
阂,hé,he2
涸,hé,he2
阖,hé,he2
貉,mò,he2
曷,hé,he2
颌,hé,he2
劾,hé,he2
菏,hé,he2
盍,hé,he2
纥,hé,he2
蚵,kè,he2
翮,hé,he2
和,hé,he4
何,hè,he4
喝,hè,he4
赫,hè,he4
吓,xià,he4
贺,hè,he4
荷,hè,he4
鹤,hè,he4
壑,hè,he4
褐,hè,he4
黑,hēi,hei1
嘿,mò,hei1
嗨,hēi,hei1
痕,hén,hen2
很,hěn,hen3
狠,hěn,hen3
恨,hèn,hen4
哼,hng,heng1
亨,hēng,heng1
行,xíng,heng2
横,hèng,heng2
衡,héng,heng2
恒,héng,heng2
蘅,héng,heng2
珩,héng,heng2
桁,héng,heng2
横,hèng,heng4
哼,hng,hng5
轰,hōng,hong1
哄,hòng,hong1
烘,hōng,hong1
薨,hōng,hong1
訇,hōng,hong1
红,hóng,hong2
洪,hóng,hong2
鸿,hóng,hong2
宏,hóng,hong2
虹,jiàng,hong2
弘,hóng,hong2
泓,hóng,hong2
闳,hóng,hong2
蕻,hòng,hong2
黉,hóng,hong2
荭,hóng,hong2
哄,hòng,hong3
哄,hòng,hong4
讧,hòng,hong4
蕻,hòng,hong4
侯,hòu,hou2
喉,hóu,hou2
猴,hóu,hou2
瘊,hóu,hou2
篌,hóu,hou2
糇,hóu,hou2
骺,hóu,hou2
吼,hǒu,hou3
后,hòu,hou4
候,hòu,hou4
後,hòu,hou4
厚,hòu,hou4
侯,hòu,hou4
逅,hòu,hou4
堠,hòu,hou4
鲎,hòu,hou4
乎,hū,hu1
呼,hū,hu1
戏,xì,hu1
忽,hū,hu1
糊,hù,hu1
惚,hū,hu1
唿,hū,hu1
滹,hū,hu1
轷,hū,hu1
烀,hū,hu1
和,hé,hu2
胡,hú,hu2
湖,hú,hu2
糊,hù,hu2
核,hé,hu2
壶,hú,hu2
狐,hú,hu2
葫,hú,hu2
弧,hú,hu2
蝴,hú,hu2
囫,hú,hu2
瑚,hú,hu2
斛,hú,hu2
鹄,hú,hu2
醐,hú,hu2
猢,hú,hu2
槲,hú,hu2
鹕,hú,hu2
觳,hú,hu2
煳,hú,hu2
鹘,hú,hu2
虎,hù,hu3
浒,hǔ,hu3
唬,xià,hu3
琥,hǔ,hu3
护,hù,hu4
户,hù,hu4
互,hù,hu4
糊,hù,hu4
虎,hù,hu4
沪,hù,hu4
祜,hù,hu4
扈,hù,hu4
戽,hù,hu4
笏,hù,hu4
岵,hù,hu4
怙,hù,hu4
瓠,hù,hu4
鹱,hù,hu4
冱,hù,hu4
华,huá,hua1
化,huà,hua1
花,huā,hua1
哗,yè,hua1
砉,xū,hua1
华,huá,hua2
划,huá,hua2
滑,huá,hua2
哗,yè,hua2
豁,huò,hua2
猾,huá,hua2
骅,huá,hua2
铧,huá,hua2
话,huà,hua4
华,huá,hua4
化,huà,hua4
划,huá,hua4
画,huà,hua4
桦,huà,hua4
怀,huái,huai2
徊,huí,huai2
淮,huái,huai2
槐,huái,huai2
踝,huái,huai2
坏,pī,huai4
划,huá,huai5
欢,huān,huan1
獾,huān,huan1
还,hái,huan2
环,huán,huan2
寰,huán,huan2
鬟,huán,huan2
桓,huán,huan2
圜,yuán,huan2
洹,huán,huan2
郇,xún,huan2
缳,huán,huan2
锾,huán,huan2
萑,huán,huan2
缓,huǎn,huan3
换,huàn,huan4
患,huàn,huan4
幻,huàn,huan4
唤,huàn,huan4
宦,huàn,huan4
焕,huàn,huan4
痪,huàn,huan4
涣,huàn,huan4
浣,huàn,huan4
奂,huàn,huan4
擐,huàn,huan4
豢,huàn,huan4
漶,huàn,huan4
逭,huàn,huan4
鲩,huàn,huan4
荒,huāng,huang1
慌,huāng,huang1
肓,huāng,huang1
黄,huáng,huang2
皇,huáng,huang2
煌,huáng,huang2
惶,huáng,huang2
徨,huáng,huang2
璜,huáng,huang2
簧,huáng,huang2
凰,huáng,huang2
潢,huáng,huang2
蝗,huáng,huang2
蟥,huáng,huang2
遑,huáng,huang2
隍,huáng,huang2
磺,huáng,huang2
癀,huáng,huang2
湟,huáng,huang2
篁,huáng,huang2
鳇,huáng,huang2
晃,huàng,huang3
恍,huǎng,huang3
谎,huǎng,huang3
幌,huǎng,huang3
晃,huàng,huang4
挥,huī,hui1
辉,huī,hui1
灰,huī,hui1
恢,huī,hui1
徽,huī,hui1
堕,duò,hui1
诙,huī,hui1
晖,huī,hui1
麾,huī,hui1
珲,hún,hui1
咴,huī,hui1
虺,huǐ,hui1
隳,huī,hui1
回,huí,hui2
徊,huí,hui2
蛔,huí,hui2
茴,huí,hui2
洄,huí,hui2
毁,huǐ,hui3
悔,huǐ,hui3
虺,huǐ,hui3
会,kuài,hui4
汇,huì,hui4
惠,huì,hui4
慧,huì,hui4
溃,kuì,hui4
绘,huì,hui4
讳,huì,hui4
贿,huì,hui4
晦,huì,hui4
秽,huì,hui4
诲,huì,hui4
彗,huì,hui4
烩,huì,hui4
荟,huì,hui4
卉,huì,hui4
喙,huì,hui4
恚,huì,hui4
浍,kuài,hui4
哕,huì,hui4
缋,huì,hui4
桧,huì,hui4
蕙,huì,hui4
蟪,huì,hui4
婚,hūn,hun1
昏,hūn,hun1
荤,xūn,hun1
阍,hūn,hun1
混,hùn,hun2
魂,hún,hun2
浑,hún,hun2
馄,hún,hun2
珲,hún,hun2
混,hùn,hun4
诨,hùn,hun4
溷,hùn,hun4
豁,huò,huo1
劐,huō,huo1
攉,huō,huo1
锪,huō,huo1
耠,huō,huo1
和,hé,huo2
活,huó,huo2
火,huǒ,huo3
伙,huǒ,huo3
夥,huǒ,huo3
钬,huǒ,huo3
和,hé,huo4
或,huò,huo4
获,huò,huo4
货,huò,huo4
祸,huò,huo4
惑,huò,huo4
霍,huò,huo4
豁,huò,huo4
藿,huò,huo4
嚯,huò,huo4
镬,huò,huo4
蠖,huò,huo4
其,qí,ji1
几,jǐ,ji1
期,qī,ji1
机,jī,ji1
基,jī,ji1
击,jī,ji1
奇,qí,ji1
激,jī,ji1
积,jī,ji1
鸡,jī,ji1
迹,jī,ji1
绩,jī,ji1
饥,jī,ji1
缉,qī,ji1
圾,jī,ji1
姬,jī,ji1
矶,jī,ji1
肌,jī,ji1
讥,jī,ji1
叽,jī,ji1
稽,jī,ji1
畸,jī,ji1
跻,jī,ji1
羁,jī,ji1
嵇,jī,ji1
唧,jī,ji1
畿,jī,ji1
齑,jī,ji1
箕,jī,ji1
屐,jī,ji1
剞,jī,ji1
玑,jī,ji1
赍,jī,ji1
犄,jī,ji1
墼,jī,ji1
芨,jī,ji1
丌,jī,ji1
咭,jī,ji1
笄,jī,ji1
乩,jī,ji1
革,gé,ji2
及,jí,ji2
即,jí,ji2
辑,jí,ji2
级,jí,ji2
极,jí,ji2
集,jí,ji2
急,jí,ji2
籍,jí,ji2
吉,jí,ji2
疾,jí,ji2
嫉,jí,ji2
藉,jiè,ji2
脊,jǐ,ji2
棘,jí,ji2
汲,jí,ji2
岌,jí,ji2
笈,jí,ji2
瘠,jí,ji2
诘,jié,ji2
亟,qì,ji2
楫,jí,ji2
蒺,jí,ji2
殛,jí,ji2
佶,jí,ji2
戢,jí,ji2
嵴,jí,ji2
蕺,jí,ji2
几,jǐ,ji3
给,gěi,ji3
己,jǐ,ji3
革,gé,ji3
济,jì,ji3
纪,jì,ji3
挤,jǐ,ji3
脊,jǐ,ji3
戟,jǐ,ji3
虮,jǐ,ji3
掎,jǐ,ji3
麂,jǐ,ji3
记,jì,ji4
系,xì,ji4
计,jì,ji4
济,jì,ji4
寄,jì,ji4
际,jì,ji4
技,jì,ji4
纪,jì,ji4
继,jì,ji4
既,jì,ji4
齐,qí,ji4
季,jì,ji4
寂,jì,ji4
祭,jì,ji4
忌,jì,ji4
剂,jì,ji4
冀,jì,ji4
妓,jì,ji4
骥,jì,ji4
蓟,jì,ji4
悸,jì,ji4
伎,jì,ji4
暨,jì,ji4
霁,jì,ji4
稷,jì,ji4
偈,jié,ji4
鲫,jì,ji4
髻,jì,ji4
觊,jì,ji4
荠,qí,ji4
跽,jì,ji4
哜,jì,ji4
鲚,jì,ji4
洎,jì,ji4
芰,jì,ji4
家,jiê,jia1
加,jiā,jia1
佳,jiā,jia1
夹,jiá,jia1
嘉,jiā,jia1
茄,qié,jia1
挟,xié,jia1
枷,jiā,jia1
珈,jiā,jia1
迦,jiā,jia1
伽,qié,jia1
浃,jiā,jia1
痂,jiā,jia1
笳,jiā,jia1
葭,jiā,jia1
镓,jiā,jia1
袈,jiā,jia1
跏,jiā,jia1
夹,jiá,jia2
颊,jiá,jia2
戛,jiá,jia2
荚,jiá,jia2
郏,jiá,jia2
恝,jiá,jia2
铗,jiá,jia2
袷,qiā,jia2
蛱,jiá,jia2
假,jià,jia3
角,jué,jia3
脚,jué,jia3
甲,jiǎ,jia3
搅,jiǎo,jia3
贾,jiǎ,jia3
缴,jiǎo,jia3
绞,jiǎo,jia3
饺,jiǎo,jia3
矫,jiǎo,jia3
佼,jiǎo,jia3
狡,jiǎo,jia3
剿,jiǎo,jia3
侥,yáo,jia3
皎,jiǎo,jia3
胛,jiǎ,jia3
铰,jiǎo,jia3
挢,jiǎo,jia3
岬,jiǎ,jia3
徼,jiào,jia3
湫,qīu,jia3
敫,jiǎo,jia3
钾,jiǎ,jia3
嘏,jiǎ,jia3
瘕,xiá,jia3
价,jiê,jia4
假,jià,jia4
架,jià,jia4
驾,jià,jia4
嫁,jià,jia4
稼,jià,jia4
家,jiê,jia5
间,jiàn,jian1
坚,jiān,jian1
监,jiàn,jian1
渐,jiàn,jian1
兼,jiān,jian1
艰,jiān,jian1
肩,jiān,jian1
浅,qiǎn,jian1
尖,jiān,jian1
奸,jiān,jian1
溅,jiàn,jian1
煎,jiān,jian1
歼,jiān,jian1
缄,jiān,jian1
笺,jiān,jian1
菅,jiān,jian1
蒹,jiān,jian1
搛,jiān,jian1
湔,jiān,jian1
缣,jiān,jian1
戋,jiān,jian1
犍,qián,jian1
鹣,jiān,jian1
鲣,jiān,jian1
鞯,jiān,jian1
简,jiǎn,jian3
减,jiǎn,jian3
检,jiǎn,jian3
剪,jiǎn,jian3
捡,jiǎn,jian3
拣,jiǎn,jian3
俭,jiǎn,jian3
碱,jiǎn,jian3
茧,jiǎn,jian3
柬,jiǎn,jian3
蹇,jiǎn,jian3
謇,jiǎn,jian3
硷,jiǎn,jian3
睑,jiǎn,jian3
锏,jiàn,jian3
枧,jiǎn,jian3
戬,jiǎn,jian3
谫,jiǎn,jian3
囝,nān,jian3
裥,jiǎn,jian3
笕,jiǎn,jian3
翦,jiǎn,jian3
趼,jiǎn,jian3
见,jiàn,jian4
间,jiàn,jian4
件,jiàn,jian4
建,jiàn,jian4
监,jiàn,jian4
渐,jiàn,jian4
健,jiàn,jian4
剑,jiàn,jian4
键,jiàn,jian4
荐,jiàn,jian4
鉴,jiàn,jian4
践,jiàn,jian4
舰,jiàn,jian4
箭,jiàn,jian4
贱,jiàn,jian4
溅,jiàn,jian4
槛,kǎn,jian4
谏,jiàn,jian4
僭,jiàn,jian4
涧,jiàn,jian4
饯,jiàn,jian4
毽,jiàn,jian4
锏,jiàn,jian4
楗,jiàn,jian4
腱,jiàn,jian4
牮,jiàn,jian4
踺,jiàn,jian4
将,qiāng,jiang1
江,jiāng,jiang1
疆,jiāng,jiang1
姜,jiāng,jiang1
浆,jiàng,jiang1
僵,jiāng,jiang1
缰,jiāng,jiang1
茳,jiāng,jiang1
礓,jiāng,jiang1
豇,jiāng,jiang1
讲,jiǎng,jiang3
奖,jiǎng,jiang3
蒋,jiǎng,jiang3
桨,jiǎng,jiang3
耩,jiǎng,jiang3
将,qiāng,jiang4
强,qiǎng,jiang4
降,xiáng,jiang4
酱,jiàng,jiang4
浆,jiàng,jiang4
虹,jiàng,jiang4
匠,jiàng,jiang4
犟,jiàng,jiang4
绛,jiàng,jiang4
洚,jiàng,jiang4
糨,jiàng,jiang4
教,jiào,jiao1
交,jiāo,jiao1
焦,jiāo,jiao1
骄,jiāo,jiao1
郊,jiāo,jiao1
胶,jiāo,jiao1
椒,jiāo,jiao1
娇,jiāo,jiao1
浇,jiāo,jiao1
姣,jiāo,jiao1
跤,jiāo,jiao1
蕉,qiáo,jiao1
礁,jiāo,jiao1
鲛,jiāo,jiao1
僬,jiāo,jiao1
鹪,jiāo,jiao1
蛟,jiāo,jiao1
艽,jiāo,jiao1
茭,jiāo,jiao1
嚼,jué,jiao2
矫,jiǎo,jiao2
峤,qiáo,jiao2
角,jué,jiao3
脚,jué,jiao3
搅,jiǎo,jiao3
缴,jiǎo,jiao3
绞,jiǎo,jiao3
饺,jiǎo,jiao3
矫,jiǎo,jiao3
佼,jiǎo,jiao3
狡,jiǎo,jiao3
剿,jiǎo,jiao3
侥,yáo,jiao3
皎,jiǎo,jiao3
挢,jiǎo,jiao3
徼,jiào,jiao3
湫,qīu,jiao3
敫,jiǎo,jiao3
铰,jiǎo,jiao3
教,jiào,jiao4
觉,jué,jiao4
校,xiào,jiao4
叫,jiào,jiao4
较,jiào,jiao4
轿,jiào,jiao4
嚼,jué,jiao4
窖,jiào,jiao4
酵,jiào,jiao4
噍,jiào,jiao4
峤,qiáo,jiao4
徼,jiào,jiao4
醮,jiào,jiao4
接,jiē,jie1
结,jié,jie1
节,jié,jie1
街,jiē,jie1
阶,jiē,jie1
皆,jiē,jie1
揭,jiē,jie1
楷,kǎi,jie1
嗟,juē,jie1
秸,jiē,jie1
疖,jiē,jie1
喈,jiē,jie1
结,jié,jie2
节,jié,jie2
杰,jié,jie2
捷,jié,jie2
截,jié,jie2
洁,jié,jie2
劫,jié,jie2
竭,jié,jie2
睫,jié,jie2
桔,jú,jie2
拮,jié,jie2
孑,jié,jie2
诘,jié,jie2
桀,jié,jie2
碣,jié,jie2
偈,jié,jie2
颉,xié,jie2
讦,jié,jie2
婕,jié,jie2
羯,jié,jie2
鲒,jié,jie2
解,jiě,jie3
姐,jiě,jie3
界,jiè,jie4
解,jiě,jie4
价,jiê,jie4
介,jiè,jie4
借,jiè,jie4
戒,jiè,jie4
届,jiè,jie4
藉,jiè,jie4
诫,jiè,jie4
芥,jiè,jie4
疥,jiè,jie4
蚧,jiè,jie4
骱,jiè,jie4
家,jiê,jie5
价,jiê,jie5
今,jīn,jin1
金,jīn,jin1
禁,jìn,jin1
津,jīn,jin1
斤,jīn,jin1
筋,jīn,jin1
巾,jīn,jin1
襟,jīn,jin1
矜,qín,jin1
衿,jīn,jin1
尽,jìn,jin3
仅,jìn,jin3
紧,jǐn,jin3
谨,jǐn,jin3
锦,jǐn,jin3
瑾,jǐn,jin3
馑,jǐn,jin3
卺,jǐn,jin3
廑,qín,jin3
堇,jǐn,jin3
槿,jǐn,jin3
进,jìn,jin4
近,jìn,jin4
尽,jìn,jin4
仅,jìn,jin4
禁,jìn,jin4
劲,jìng,jin4
晋,jìn,jin4
浸,jìn,jin4
靳,jìn,jin4
缙,jìn,jin4
烬,jìn,jin4
噤,jìn,jin4
觐,jìn,jin4
荩,jìn,jin4
赆,jìn,jin4
妗,jìn,jin4
经,jìng,jing1
京,jīng,jing1
精,jīng,jing1
惊,jīng,jing1
睛,jīng,jing1
晶,jīng,jing1
荆,jīng,jing1
兢,jīng,jing1
鲸,jīng,jing1
泾,jīng,jing1
旌,jīng,jing1
茎,jīng,jing1
腈,jīng,jing1
菁,jīng,jing1
粳,jīng,jing1
警,jǐng,jing3
景,jǐng,jing3
井,jǐng,jing3
颈,jǐng,jing3
憬,jǐng,jing3
阱,jǐng,jing3
儆,jǐng,jing3
刭,jǐng,jing3
肼,jǐng,jing3
经,jìng,jing4
境,jìng,jing4
竟,jìng,jing4
静,jìng,jing4
敬,jìng,jing4
镜,jìng,jing4
劲,jìng,jing4
竞,jìng,jing4
净,jìng,jing4
径,jìng,jing4
靖,jìng,jing4
痉,jìng,jing4
迳,jìng,jing4
胫,jìng,jing4
弪,jìng,jing4
婧,jìng,jing4
獍,jìng,jing4
靓,liàng,jing4
扃,jiōng,jiong1
窘,jiǒng,jiong3
炯,jiǒng,jiong3
迥,jiǒng,jiong3
炅,jiǒng,jiong3
究,jīu,jiu1
纠,jīu,jiu1
揪,jīu,jiu1
鸠,jīu,jiu1
赳,jīu,jiu1
啾,jīu,jiu1
阄,jīu,jiu1
鬏,jīu,jiu1
九,jǐu,jiu3
酒,jǐu,jiu3
久,jǐu,jiu3
韭,jǐu,jiu3
灸,jǐu,jiu3
玖,jǐu,jiu3
就,jìu,jiu4
旧,jìu,jiu4
救,jìu,jiu4
疚,jìu,jiu4
舅,jìu,jiu4
咎,jìu,jiu4
臼,jìu,jiu4
鹫,jìu,jiu4
僦,jìu,jiu4
厩,jìu,jiu4
桕,jìu,jiu4
柩,jìu,jiu4
车,jū,ju1
据,jù,ju1
且,qiě,ju1
居,jū,ju1
俱,jù,ju1
拘,jū,ju1
驹,jū,ju1
鞠,jū,ju1
锯,jù,ju1
趄,qiè,ju1
掬,jū,ju1
疽,jū,ju1
裾,jū,ju1
苴,jū,ju1
椐,jū,ju1
锔,jú,ju1
狙,jū,ju1
琚,jū,ju1
雎,jū,ju1
鞫,jū,ju1
局,jú,ju2
菊,jú,ju2
桔,jú,ju2
橘,jú,ju2
锔,jú,ju2
举,jǔ,ju3
柜,jǔ,ju3
矩,jǔ,ju3
咀,zuǐ,ju3
沮,jù,ju3
踽,jǔ,ju3
龃,jǔ,ju3
榉,jǔ,ju3
莒,jǔ,ju3
枸,jǔ,ju3
据,jù,ju4
句,jù,ju4
具,jù,ju4
剧,jù,ju4
巨,jù,ju4
聚,jù,ju4
拒,jù,ju4
距,jù,ju4
俱,jù,ju4
惧,jù,ju4
沮,jù,ju4
瞿,qú,ju4
锯,jù,ju4
炬,jù,ju4
趄,qiè,ju4
飓,jù,ju4
踞,jù,ju4
遽,jù,ju4
倨,jù,ju4
钜,jù,ju4
犋,jù,ju4
屦,jù,ju4
榘,jù,ju4
窭,jù,ju4
讵,jù,ju4
醵,jù,ju4
苣,qǔ,ju4
捐,juān,juan1
圈,juàn,juan1
娟,juān,juan1
鹃,juān,juan1
涓,juān,juan1
镌,juān,juan1
蠲,juān,juan1
卷,juàn,juan3
锩,juǎn,juan3
圈,juàn,juan4
卷,juàn,juan4
俊,jùn,juan4
倦,juàn,juan4
眷,juàn,juan4
隽,jùn,juan4
绢,juàn,juan4
狷,juàn,juan4
桊,juàn,juan4
鄄,juàn,juan4
嗟,juē,jue1
撅,juē,jue1
噘,juē,jue1
觉,jué,jue2
绝,jué,jue2
决,jué,jue2
角,jué,jue2
脚,jué,jue2
嚼,jué,jue2
掘,jué,jue2
诀,jué,jue2
崛,jué,jue2
爵,jué,jue2
抉,jué,jue2
倔,juè,jue2
獗,jué,jue2
厥,jué,jue2
蹶,juě,jue2
攫,jué,jue2
谲,jué,jue2
矍,jué,jue2
孓,jué,jue2
橛,jué,jue2
噱,xué,jue2
珏,jué,jue2
桷,jué,jue2
劂,jué,jue2
爝,jué,jue2
镢,jué,jue2
蕨,jué,jue2
觖,jué,jue2
蹶,juě,jue3
倔,juè,jue4
军,jūn,jun1
均,yùn,jun1
君,jūn,jun1
钧,jūn,jun1
筠,yún,jun1
龟,qīu,jun1
菌,jùn,jun1
皲,jūn,jun1
麇,qún,jun1
俊,jùn,jun4
峻,jùn,jun4
隽,jùn,jun4
菌,jùn,jun4
郡,jùn,jun4
骏,jùn,jun4
竣,jùn,jun4
捃,jùn,jun4
浚,xùn,jun4
咖,kā,ka1
喀,kā,ka1
咔,kǎ,ka1
卡,qiǎ,ka3
咯,luò,ka3
咔,kǎ,ka3
佧,kǎ,ka3
胩,kǎ,ka3
开,kāi,kai1
揩,kāi,kai1
锎,kāi,kai1
慨,kǎi,kai3
凯,kǎi,kai3
铠,kǎi,kai3
楷,kǎi,kai3
恺,kǎi,kai3
蒈,kǎi,kai3
剀,kǎi,kai3
垲,kǎi,kai3
锴,kǎi,kai3
忾,kài,kai4
看,kàn,kan1
刊,kān,kan1
堪,kān,kan1
勘,kān,kan1
龛,kān,kan1
戡,kān,kan1
侃,kǎn,kan3
砍,kǎn,kan3
坎,kǎn,kan3
槛,kǎn,kan3
阚,kàn,kan3
莰,kǎn,kan3
看,kàn,kan4
嵌,qiàn,kan4
瞰,kàn,kan4
阚,kàn,kan4
康,kāng,kang1
慷,kāng,kang1
糠,kāng,kang1
闶,kàng,kang1
扛,káng,kang2
抗,kàng,kang4
炕,kàng,kang4
亢,kàng,kang4
伉,kàng,kang4
闶,kàng,kang4
钪,kàng,kang4
尻,kāo,kao1
考,kǎo,kao3
烤,kǎo,kao3
拷,kǎo,kao3
栲,kǎo,kao3
靠,kào,kao4
铐,kào,kao4
犒,kào,kao4
科,kē,ke1
颗,kē,ke1
柯,kē,ke1
呵,kē,ke1
棵,kē,ke1
苛,kē,ke1
磕,kē,ke1
坷,kě,ke1
嗑,kè,ke1
瞌,kē,ke1
轲,kě,ke1
稞,kē,ke1
疴,kē,ke1
蝌,kē,ke1
钶,kē,ke1
窠,kē,ke1
颏,ké,ke1
珂,kē,ke1
髁,kē,ke1
咳,ké,ke2
壳,ké,ke2
颏,ké,ke2
可,kè,ke3
渴,kě,ke3
坷,kě,ke3
轲,kě,ke3
岢,kě,ke3
可,kè,ke4
克,kè,ke4
客,kè,ke4
刻,kè,ke4
课,kè,ke4
恪,kè,ke4
嗑,kè,ke4
溘,kè,ke4
骒,kè,ke4
缂,kè,ke4
氪,kè,ke4
锞,kè,ke4
蚵,kè,ke4
肯,kěn,ken3
恳,kěn,ken3
啃,kěn,ken3
垦,kěn,ken3
龈,yín,ken3
裉,kèn,ken4
坑,kēng,keng1
吭,kēng,keng1
铿,kēng,keng1
空,kòng,kong1
倥,kǒng,kong1
崆,kōng,kong1
箜,kōng,kong1
恐,kǒng,kong3
孔,kǒng,kong3
倥,kǒng,kong3
空,kòng,kong4
控,kòng,kong4
抠,kōu,kou1
芤,kōu,kou1
眍,kōu,kou1
口,kǒu,kou3
扣,kòu,kou4
寇,kòu,kou4
叩,kòu,kou4
蔻,kòu,kou4
筘,kòu,kou4
哭,kū,ku1
枯,kū,ku1
窟,kū,ku1
骷,kū,ku1
刳,kū,ku1
堀,kū,ku1
苦,kǔ,ku3
库,kù,ku4
裤,kù,ku4
酷,kù,ku4
喾,kù,ku4
绔,kù,ku4
夸,kuā,kua1
垮,kuǎ,kua3
侉,kuǎ,kua3
跨,kuà,kua4
挎,kuà,kua4
胯,kuà,kua4
蒯,kuǎi,kuai3
会,kuài,kuai4
快,kuài,kuai4
块,kuài,kuai4
筷,kuài,kuai4
脍,kuài,kuai4
哙,kuài,kuai4
侩,kuài,kuai4
狯,kuài,kuai4
浍,kuài,kuai4
郐,kuài,kuai4
宽,kuān,kuan1
髋,kuān,kuan1
款,kuǎn,kuan3
框,kuàng,kuang1
筐,kuāng,kuang1
匡,kuāng,kuang1
哐,kuāng,kuang1
诓,kuāng,kuang1
狂,kuáng,kuang2
诳,kuáng,kuang2
夼,kuǎng,kuang3
况,kuàng,kuang4
矿,kuàng,kuang4
框,kuàng,kuang4
旷,kuàng,kuang4
眶,kuàng,kuang4
邝,kuàng,kuang4
圹,kuàng,kuang4
纩,kuàng,kuang4
贶,kuàng,kuang4
亏,kuī,kui1
窥,kuī,kui1
盔,kuī,kui1
岿,kuī,kui1
悝,lǐ,kui1
魁,kuí,kui2
睽,kuí,kui2
逵,kuí,kui2
葵,kuí,kui2
奎,kuí,kui2
馗,kuí,kui2
夔,kuí,kui2
喹,kuí,kui2
隗,wěi,kui2
暌,kuí,kui2
揆,kuí,kui2
蝰,kuí,kui2
傀,kuǐ,kui3
跬,kuǐ,kui3
愧,kuì,kui4
溃,kuì,kui4
馈,kuì,kui4
匮,kuì,kui4
喟,kuì,kui4
聩,kuì,kui4
篑,kuì,kui4
蒉,kuì,kui4
愦,kuì,kui4
昆,kūn,kun1
坤,kūn,kun1
鲲,kūn,kun1
锟,kūn,kun1
醌,kūn,kun1
琨,kūn,kun1
髡,kūn,kun1
捆,kǔn,kun3
悃,kǔn,kun3
阃,kǔn,kun3
困,kùn,kun4
括,kuò,kuo4
适,shì,kuo4
阔,kuò,kuo4
扩,kuò,kuo4
廓,kuò,kuo4
栝,kuò,kuo4
蛞,kuò,kuo4
拉,là,la1
啦,la,la1
喇,lǎ,la1
垃,lā,la1
邋,lā,la1
拉,là,la2
喇,lǎ,la2
旯,lá,la2
砬,lá,la2
拉,là,la3
喇,lǎ,la3
落,luò,la4
拉,là,la4
辣,là,la4
腊,xī,la4
蜡,zhà,la4
剌,là,la4
瘌,là,la4
蓝,lán,la5
啦,la,la5
来,lái,lai2
莱,lái,lai2
徕,lái,lai2
涞,lái,lai2
崃,lái,lai2
铼,lái,lai2
赖,lài,lai4
睐,lài,lai4
癞,lài,lai4
籁,lài,lai4
赉,lài,lai4
濑,lài,lai4
兰,lán,lan2
蓝,lán,lan2
栏,lán,lan2
拦,lán,lan2
篮,lán,lan2
澜,lán,lan2
婪,lán,lan2
岚,lán,lan2
斓,lán,lan2
阑,lán,lan2
褴,lán,lan2
镧,lán,lan2
谰,lán,lan2
懒,lǎn,lan3
览,lǎn,lan3
揽,lǎn,lan3
榄,lǎn,lan3
缆,lǎn,lan3
漤,lǎn,lan3
罱,lǎn,lan3
烂,làn,lan4
滥,làn,lan4
啷,lāng,lang1
狼,láng,lang2
郎,làng,lang2
廊,láng,lang2
琅,láng,lang2
螂,láng,lang2
榔,láng,lang2
锒,láng,lang2
稂,láng,lang2
阆,làng,lang2
朗,lǎng,lang3
浪,làng,lang4
郎,làng,lang4
莨,liáng,lang4
蒗,làng,lang4
阆,làng,lang4
捞,lāo,lao1
劳,láo,lao2
牢,láo,lao2
唠,lào,lao2
崂,láo,lao2
铹,láo,lao2
痨,láo,lao2
醪,láo,lao2
老,lǎo,lao3
姥,mǔ,lao3
佬,lǎo,lao3
潦,liǎo,lao3
栳,lǎo,lao3
铑,lǎo,lao3
落,luò,lao4
络,luò,lao4
唠,lào,lao4
烙,luò,lao4
酪,lào,lao4
涝,lào,lao4
耢,lào,lao4
肋,lèi,le1
乐,yuè,le4
勒,lēi,le4
仂,lè,le4
叻,lè,le4
泐,lè,le4
鳓,lè,le4
了,liào,le5
勒,lēi,lei1
擂,lèi,lei1
累,lèi,lei2
雷,léi,lei2
擂,lèi,lei2
羸,léi,lei2
镭,léi,lei2
嫘,léi,lei2
缧,léi,lei2
檑,léi,lei2
累,lèi,lei3
蕾,lěi,lei3
垒,lěi,lei3
磊,lěi,lei3
儡,lěi,lei3
诔,lěi,lei3
耒,lěi,lei3
类,lèi,lei4
泪,lèi,lei4
累,lèi,lei4
擂,lèi,lei4
肋,lèi,lei4
酹,lèi,lei4
嘞,lêi,lei5
棱,líng,leng1
楞,léng,leng2
棱,líng,leng2
塄,léng,leng2
冷,lěng,leng3
愣,lèng,leng4
哩,li,li1
离,lí,li2
丽,lì,li2
黎,lí,li2
璃,li,li2
漓,lí,li2
狸,lí,li2
梨,lí,li2
篱,lí,li2
犁,lí,li2
厘,lí,li2
罹,lí,li2
藜,lí,li2
骊,lí,li2
蜊,lí,li2
黧,lí,li2
缡,lí,li2
喱,lí,li2
鹂,lí,li2
嫠,lí,li2
蠡,lǐ,li2
鲡,lí,li2
蓠,lí,li2
里,lǐ,li3
理,lǐ,li3
李,lǐ,li3
礼,lǐ,li3
哩,li,li3
鲤,lǐ,li3
俚,lǐ,li3
逦,lǐ,li3
娌,lǐ,li3
悝,lǐ,li3
澧,lǐ,li3
锂,lǐ,li3
蠡,lǐ,li3
醴,lǐ,li3
鳢,lǐ,li3
力,lì,li4
利,lì,li4
立,lì,li4
历,lì,li4
例,lì,li4
丽,lì,li4
励,lì,li4
厉,lì,li4
莉,lì,li4
笠,lì,li4
粒,lì,li4
俐,lì,li4
栗,lì,li4
隶,lì,li4
吏,lì,li4
沥,lì,li4
雳,lì,li4
莅,lì,li4
戾,lì,li4
俪,lì,li4
砺,lì,li4
痢,lì,li4
郦,lì,li4
詈,lì,li4
荔,lì,li4
枥,lì,li4
呖,lì,li4
唳,lì,li4
猁,lì,li4
溧,lì,li4
砾,lì,li4
栎,yuè,li4
轹,lì,li4
傈,lì,li4
坜,lì,li4
苈,lì,li4
疠,lì,li4
疬,lì,li4
蛎,lì,li4
鬲,lì,li4
篥,lì,li4
粝,lì,li4
跞,lì,li4
藓,xiǎn,li4
璃,li,li5
哩,li,li5
俩,liǎng,lia3
联,lián,lian2
连,lián,lian2
怜,lián,lian2
莲,lián,lian2
廉,lián,lian2
帘,lián,lian2
涟,lián,lian2
镰,lián,lian2
裢,lián,lian2
濂,lián,lian2
臁,lián,lian2
奁,lián,lian2
蠊,lián,lian2
鲢,lián,lian2
脸,liǎn,lian3
敛,liǎn,lian3
琏,liǎn,lian3
蔹,liǎn,lian3
裣,liǎn,lian3
练,liàn,lian4
恋,liàn,lian4
炼,liàn,lian4
链,liàn,lian4
殓,liàn,lian4
楝,liàn,lian4
潋,liàn,lian4
量,liàng,liang2
良,liáng,liang2
梁,liáng,liang2
凉,liàng,liang2
粮,liáng,liang2
粱,liáng,liang2
踉,liàng,liang2
莨,liáng,liang2
椋,liáng,liang2
墚,liáng,liang2
两,liǎng,liang3
俩,liǎng,liang3
魉,liǎng,liang3
量,liàng,liang4
亮,liàng,liang4
辆,liàng,liang4
凉,liàng,liang4
谅,liàng,liang4
晾,liàng,liang4
踉,liàng,liang4
靓,liàng,liang4
撩,liào,liao1
撂,liào,liao1
聊,liáo,liao2
疗,liáo,liao2
辽,liáo,liao2
僚,liáo,liao2
寥,liáo,liao2
撩,liào,liao2
撂,liào,liao2
缭,liáo,liao2
寮,liáo,liao2
燎,liǎo,liao2
嘹,liáo,liao2
獠,liáo,liao2
鹩,liáo,liao2
了,liào,liao3
潦,liǎo,liao3
燎,liǎo,liao3
蓼,lù,liao3
钌,liào,liao3
了,liào,liao4
料,liào,liao4
廖,liào,liao4
镣,liào,liao4
撩,liào,liao4
撂,liào,liao4
尥,liào,liao4
钌,liào,liao4
咧,liê,lie1
裂,liè,lie3
咧,liê,lie3
列,liè,lie4
烈,liè,lie4
裂,liè,lie4
劣,liè,lie4
猎,liè,lie4
趔,liè,lie4
冽,liè,lie4
洌,liè,lie4
捩,liè,lie4
埒,liè,lie4
躐,liè,lie4
鬣,liè,lie4
咧,liê,lie5
林,lín,lin2
临,lín,lin2
秘,mì,lin2
邻,lín,lin2
琳,lín,lin2
淋,lìn,lin2
霖,lín,lin2
麟,lín,lin2
鳞,lín,lin2
磷,lín,lin2
嶙,lín,lin2
辚,lín,lin2
粼,lín,lin2
遴,lín,lin2
啉,lín,lin2
瞵,lín,lin2
凛,lǐn,lin3
懔,lǐn,lin3
檩,lǐn,lin3
廪,lǐn,lin3
淋,lìn,lin4
吝,lìn,lin4
躏,lìn,lin4
赁,lìn,lin4
蔺,lìn,lin4
膦,lìn,lin4
拎,līng,ling1
令,lìng,ling2
灵,líng,ling2
零,líng,ling2
龄,líng,ling2
凌,líng,ling2
玲,líng,ling2
铃,líng,ling2
陵,líng,ling2
伶,líng,ling2
聆,líng,ling2
囹,líng,ling2
棱,líng,ling2
菱,líng,ling2
苓,líng,ling2
翎,líng,ling2
棂,líng,ling2
瓴,líng,ling2
绫,líng,ling2
酃,líng,ling2
泠,líng,ling2
羚,líng,ling2
蛉,líng,ling2
柃,líng,ling2
鲮,líng,ling2
领,lǐng,ling3
令,lìng,ling3
岭,lǐng,ling3
令,lìng,ling4
另,lìng,ling4
呤,lìng,ling4
溜,lìu,liu1
熘,līu,liu1
留,líu,liu2
流,líu,liu2
刘,líu,liu2
瘤,líu,liu2
榴,líu,liu2
浏,líu,liu2
硫,líu,liu2
琉,líu,liu2
遛,lìu,liu2
馏,lìu,liu2
镏,lìu,liu2
旒,líu,liu2
骝,líu,liu2
鎏,líu,liu2
柳,lǐu,liu3
绺,lǐu,liu3
锍,lǐu,liu3
六,lù,liu4
陆,lù,liu4
溜,lìu,liu4
碌,lù,liu4
遛,lìu,liu4
馏,lìu,liu4
镏,lìu,liu4
鹨,lìu,liu4
咯,luò,lo5
隆,lóng,long1
龙,lóng,long2
隆,lóng,long2
笼,lǒng,long2
胧,lóng,long2
咙,lóng,long2
聋,lóng,long2
珑,lóng,long2
窿,lóng,long2
茏,lóng,long2
栊,lóng,long2
泷,shuāng,long2
砻,lóng,long2
癃,lóng,long2
笼,lǒng,long3
拢,lǒng,long3
垄,lǒng,long3
陇,lǒng,long3
垅,lǒng,long3
弄,nòng,long4
搂,lǒu,lou1
楼,lóu,lou2
喽,lou,lou2
偻,lǚ,lou2
娄,lóu,lou2
髅,lóu,lou2
蝼,lóu,lou2
蒌,lóu,lou2
耧,lóu,lou2
搂,lǒu,lou3
篓,lǒu,lou3
嵝,lǒu,lou3
露,lù,lou4
陋,lòu,lou4
漏,lòu,lou4
镂,lòu,lou4
瘘,lòu,lou4
喽,lou,lou5
噜,lū,lu1
撸,lū,lu1
卢,lú,lu2
炉,lú,lu2
庐,lú,lu2
芦,lǔ,lu2
颅,lú,lu2
泸,lú,lu2
轳,lu,lu2
鲈,lú,lu2
垆,lú,lu2
胪,lú,lu2
鸬,lú,lu2
舻,lú,lu2
栌,lú,lu2
鲁,lǔ,lu3
芦,lǔ,lu3
卤,lǔ,lu3
虏,lǔ,lu3
掳,lǔ,lu3
橹,lǔ,lu3
镥,lǔ,lu3
六,lù,lu4
路,lù,lu4
陆,lù,lu4
录,lù,lu4
露,lù,lu4
绿,lǜ,lu4
鹿,lù,lu4
碌,lù,lu4
禄,lù,lu4
辘,lù,lu4
麓,lù,lu4
赂,lù,lu4
漉,lù,lu4
戮,lù,lu4
簏,lù,lu4
鹭,lù,lu4
潞,lù,lu4
璐,lù,lu4
辂,lù,lu4
渌,lù,lu4
蓼,lù,lu4
逯,lù,lu4
轳,lu,lu5
氇,lu,lu5
旅,lǚ,lv3
履,lǚ,lv3
屡,lǚ,lv3
侣,lǚ,lv3
缕,lǚ,lv3
吕,lǚ,lv3
捋,luō,lv3
铝,lǚ,lv3
偻,lǚ,lv3
褛,lǚ,lv3
膂,lǚ,lv3
稆,lǚ,lv3
律,lǜ,lv4
绿,lǜ,lv4
率,shuài,lv4
虑,lǜ,lv4
滤,lǜ,lv4
氯,lǜ,lv4
驴,lü,lv5
榈,lü,lv5
闾,lü,lv5
峦,luán,luan2
挛,luán,luan2
孪,luán,luan2
栾,luán,luan2
銮,luán,luan2
滦,luán,luan2
鸾,luán,luan2
娈,luán,luan2
脔,luán,luan2
卵,luǎn,luan3
乱,luàn,luan4
掠,luè:,lue:3
略,luè:,lue:4
掠,luè:,lue:4
锊,luè:,lue:4
抡,lún,lun1
论,lùn,lun2
轮,lún,lun2
伦,lún,lun2
沦,lún,lun2
仑,lún,lun2
抡,lún,lun2
囵,lún,lun2
纶,lún,lun2
论,lùn,lun4
落,luò,luo1
罗,luo,luo1
捋,luō,luo1
罗,luo,luo2
逻,luó,luo2
萝,luó,luo2
螺,luó,luo2
锣,luó,luo2
箩,luó,luo2
骡,luó,luo2
猡,luó,luo2
椤,luó,luo2
脶,luó,luo2
镙,luó,luo2
裸,luǒ,luo3
倮,luǒ,luo3
蠃,luǒ,luo3
瘰,luǒ,luo3
落,luò,luo4
络,luò,luo4
洛,luò,luo4
骆,luò,luo4
咯,luò,luo4
摞,luò,luo4
烙,luò,luo4
珞,luò,luo4
泺,pō,luo4
漯,tà,luo4
荦,luò,luo4
硌,luò,luo4
雒,luò,luo4
罗,luo,luo5
呒,m,m2
妈,mā,ma1
麻,má,ma1
摩,mó,ma1
抹,mò,ma1
蚂,mà,ma1
嬷,mā,ma1
吗,ma,ma2
麻,má,ma2
蟆,má,ma2
马,mǎ,ma3
吗,ma,ma3
码,mǎ,ma3
玛,mǎ,ma3
蚂,mà,ma3
犸,mǎ,ma3
骂,mà,ma4
蚂,mà,ma4
唛,mà,ma4
杩,mà,ma4
么,mê,ma5
吗,ma,ma5
嘛,ma,ma5
埋,mán,mai2
霾,mái,mai2
买,mǎi,mai3
荬,mǎi,mai3
卖,mài,mai4
麦,mài,mai4
迈,mài,mai4
脉,mò,mai4
劢,mài,mai4
颟,mān,man1
埋,mán,man2
蛮,mán,man2
馒,mán,man2
瞒,mán,man2
蔓,wàn,man2
谩,màn,man2
鳗,mán,man2
鞔,mán,man2
满,mǎn,man3
螨,mǎn,man3
慢,màn,man4
漫,màn,man4
曼,màn,man4
蔓,wàn,man4
谩,màn,man4
墁,màn,man4
幔,màn,man4
缦,màn,man4
熳,màn,man4
镘,màn,man4
忙,máng,mang2
茫,máng,mang2
盲,máng,mang2
芒,wáng,mang2
氓,méng,mang2
邙,máng,mang2
硭,máng,mang2
莽,mǎng,mang3
蟒,mǎng,mang3
漭,mǎng,mang3
猫,máo,mao1
毛,máo,mao2
猫,máo,mao2
矛,máo,mao2
茅,máo,mao2
髦,máo,mao2
锚,máo,mao2
牦,máo,mao2
旄,máo,mao2
蝥,máo,mao2
蟊,máo,mao2
茆,máo,mao2
卯,mǎo,mao3
铆,mǎo,mao3
峁,mǎo,mao3
泖,mǎo,mao3
昴,mǎo,mao3
冒,mò,mao4
贸,mào,mao4
帽,mào,mao4
貌,mào,mao4
茂,mào,mao4
耄,mào,mao4
瑁,mào,mao4
懋,mào,mao4
袤,mào,mao4
瞀,mào,mao4
么,mê,me5
麽,mó,me5
没,mò,mei2
眉,méi,mei2
梅,méi,mei2
媒,méi,mei2
枚,méi,mei2
煤,méi,mei2
霉,méi,mei2
玫,méi,mei2
糜,mí,mei2
酶,méi,mei2
莓,méi,mei2
嵋,méi,mei2
湄,méi,mei2
楣,méi,mei2
猸,méi,mei2
镅,méi,mei2
鹛,méi,mei2
美,měi,mei3
每,měi,mei3
镁,měi,mei3
浼,měi,mei3
妹,mèi,mei4
魅,mèi,mei4
昧,mèi,mei4
谜,mí,mei4
媚,mèi,mei4
寐,mèi,mei4
袂,mèi,mei4
闷,mèn,men1
门,mén,men2
扪,mén,men2
钔,mén,men2
闷,mèn,men4
懑,mèn,men4
焖,mèn,men4
们,mên,men5
蒙,měng,meng1
蒙,měng,meng2
盟,míng,meng2
朦,méng,meng2
氓,méng,meng2
萌,méng,meng2
檬,méng,meng2
瞢,méng,meng2
甍,méng,meng2
礞,méng,meng2
虻,méng,meng2
艨,méng,meng2
蒙,měng,meng3
猛,měng,meng3
勐,měng,meng3
懵,měng,meng3
蠓,měng,meng3
蜢,měng,meng3
锰,měng,meng3
艋,měng,meng3
梦,mèng,meng4
孟,mèng,meng4
眯,mǐ,mi1
咪,mī,mi1
迷,mí,mi2
弥,mí,mi2
谜,mí,mi2
靡,mǐ,mi2
糜,mí,mi2
醚,mí,mi2
麋,mí,mi2
猕,mí,mi2
祢,nǐ,mi2
縻,mí,mi2
蘼,mí,mi2
米,mǐ,mi3
眯,mǐ,mi3
靡,mǐ,mi3
弭,mǐ,mi3
敉,mǐ,mi3
脒,mǐ,mi3
芈,mǐ,mi3
密,mì,mi4
秘,mì,mi4
觅,mì,mi4
蜜,mì,mi4
谧,mì,mi4
泌,mì,mi4
汨,mì,mi4
宓,mì,mi4
幂,mì,mi4
嘧,mì,mi4
糸,mì,mi4
棉,mián,mian2
眠,mián,mian2
绵,mián,mian2
免,miǎn,mian3
缅,miǎn,mian3
勉,miǎn,mian3
腼,miǎn,mian3
冕,miǎn,mian3
娩,wǎn,mian3
渑,shéng,mian3
湎,miǎn,mian3
沔,miǎn,mian3
眄,miǎn,mian3
黾,mǐn,mian3
面,miàn,mian4
喵,miāo,miao1
描,miáo,miao2
苗,miáo,miao2
瞄,miáo,miao2
鹋,miáo,miao2
秒,miǎo,miao3
渺,miǎo,miao3
藐,miǎo,miao3
缈,miǎo,miao3
淼,miǎo,miao3
杪,miǎo,miao3
邈,miǎo,miao3
眇,miǎo,miao3
妙,miào,miao4
庙,miào,miao4
缪,móu,miao4
乜,niè,mie1
咩,miē,mie1
灭,miè,mie4
蔑,miè,mie4
篾,miè,mie4
蠛,miè,mie4
民,mín,min2
珉,mín,min2
岷,mín,min2
缗,mín,min2
玟,mín,min2
苠,mín,min2
敏,mǐn,min3
悯,mǐn,min3
闽,mǐn,min3
泯,mǐn,min3
皿,mǐn,min3
抿,mǐn,min3
闵,mǐn,min3
愍,mǐn,min3
黾,mǐn,min3
鳘,mǐn,min3
名,míng,ming2
明,míng,ming2
鸣,míng,ming2
盟,míng,ming2
铭,míng,ming2
冥,míng,ming2
茗,míng,ming2
溟,míng,ming2
瞑,míng,ming2
暝,míng,ming2
螟,míng,ming2
酩,mǐng,ming3
命,mìng,ming4
谬,mìu,miu4
缪,móu,miu4
摸,mó,mo1
无,wú,mo2
模,mú,mo2
麽,mó,mo2
磨,mò,mo2
摸,mó,mo2
摩,mó,mo2
魔,mó,mo2
膜,mó,mo2
蘑,mó,mo2
馍,mó,mo2
摹,mó,mo2
谟,mó,mo2
嫫,mó,mo2
抹,mò,mo3
没,mò,mo4
万,wàn,mo4
默,mò,mo4
莫,mò,mo4
末,mò,mo4
冒,mò,mo4
磨,mò,mo4
寞,mò,mo4
漠,mò,mo4
墨,mò,mo4
抹,mò,mo4
陌,mò,mo4
脉,mò,mo4
嘿,mò,mo4
沫,mò,mo4
蓦,mò,mo4
茉,mò,mo4
貉,mò,mo4
秣,mò,mo4
镆,mò,mo4
殁,mò,mo4
瘼,mò,mo4
耱,mò,mo4
貊,mò,mo4
貘,mò,mo4
哞,mōu,mou1
谋,móu,mou2
牟,mù,mou2
眸,móu,mou2
缪,móu,mou2
鍪,móu,mou2
蛑,móu,mou2
侔,móu,mou2
某,mǒu,mou3
模,mú,mu2
毪,mú,mu2
母,mǔ,mu3
姆,mǔ,mu3
姥,mǔ,mu3
亩,mǔ,mu3
拇,mǔ,mu3
牡,mǔ,mu3
目,mù,mu4
木,mù,mu4
幕,mù,mu4
慕,mù,mu4
牧,mù,mu4
墓,mù,mu4
募,mù,mu4
暮,mù,mu4
牟,mù,mu4
穆,mù,mu4
睦,mù,mu4
沐,mù,mu4
坶,mù,mu4
苜,mù,mu4
仫,mù,mu4
钼,mù,mu4
嗯,ng,n2
唔,wú,n2
嗯,ng,n3
唔,wú,n3
嗯,ng,n4
那,nèi,na1
南,nán,na1
拿,ná,na2
镎,ná,na2
那,nèi,na3
哪,něi,na3
那,nèi,na4
呢,ní,na4
纳,nà,na4
娜,nuó,na4
呐,nê,na4
捺,nà,na4
钠,nà,na4
肭,nà,na4
衲,nà,na4
哪,něi,na5
呐,nê,na5
哪,něi,nai3
乃,nǎi,nai3
奶,nǎi,nai3
氖,nǎi,nai3
艿,nǎi,nai3
奈,nài,nai4
耐,nài,nai4
鼐,nài,nai4
佴,nài,nai4
萘,nài,nai4
柰,nài,nai4
囝,nān,nan1
囡,nān,nan1
难,nàn,nan2
南,nán,nan2
男,nán,nan2
楠,nán,nan2
喃,nán,nan2
腩,nǎn,nan3
蝻,nǎn,nan3
赧,nǎn,nan3
难,nàn,nan4
囊,náng,nang1
囔,nāng,nang1
囊,náng,nang2
馕,nǎng,nang2
馕,nǎng,nang3
攮,nǎng,nang3
曩,nǎng,nang3
孬,nāo,nao1
努,nǔ,nao2
挠,náo,nao2
呶,náo,nao2
猱,náo,nao2
铙,náo,nao2
硇,náo,nao2
蛲,náo,nao2
脑,nǎo,nao3
恼,nǎo,nao3
瑙,nǎo,nao3
垴,nǎo,nao3
闹,nào,nao4
淖,nào,nao4
哪,něi,ne2
呢,ní,ne4
呐,nê,ne4
讷,nè,ne4
呢,ní,ne5
呐,nê,ne5
哪,něi,nei3
馁,něi,nei3
那,nèi,nei4
内,nèi,nei4
嫩,nèn,nen4
恁,nín,nen4
能,néng,neng2
嗯,ng,ng2
唔,wú,ng2
嗯,ng,ng3
唔,wú,ng3
嗯,ng,ng4
妮,nī,ni1
呢,ní,ni2
尼,ní,ni2
泥,nì,ni2
倪,ní,ni2
霓,ní,ni2
坭,ní,ni2
猊,ní,ni2
怩,ní,ni2
铌,ní,ni2
鲵,ní,ni2
你,nǐ,ni3
拟,nǐ,ni3
旎,nǐ,ni3
祢,nǐ,ni3
泥,nì,ni4
尿,suī,ni4
逆,nì,ni4
匿,nì,ni4
腻,nì,ni4
昵,nì,ni4
溺,niào,ni4
睨,nì,ni4
慝,tè,ni4
伲,nì,ni4
蔫,niān,nian1
拈,niān,nian1
年,nián,nian2
粘,zhān,nian2
黏,nián,nian2
鲇,nián,nian2
鲶,nián,nian2
碾,niǎn,nian3
捻,niǎn,nian3
撵,niǎn,nian3
辇,niǎn,nian3
念,niàn,nian4
廿,niàn,nian4
酿,niàng,nian4
埝,niàn,nian4
娘,niáng,niang2
酿,niàng,niang2
酿,niàng,niang4
鸟,niǎo,niao3
袅,niǎo,niao3
嬲,niǎo,niao3
茑,niǎo,niao3
尿,suī,niao4
溺,niào,niao4
脲,niào,niao4
捏,niē,nie1
涅,niè,nie4
聂,niè,nie4
孽,niè,nie4
蹑,niè,nie4
嗫,niè,nie4
啮,niè,nie4
镊,niè,nie4
镍,niè,nie4
乜,niè,nie4
陧,niè,nie4
颞,niè,nie4
臬,niè,nie4
蘖,niè,nie4
您,nín,nin2
恁,nín,nin2
宁,nìng,ning2
凝,níng,ning2
拧,nìng,ning2
咛,níng,ning2
狞,níng,ning2
柠,níng,ning2
苎,zhù,ning2
甯,níng,ning2
聍,níng,ning2
拧,nìng,ning3
宁,nìng,ning4
拧,nìng,ning4
泞,nìng,ning4
佞,nìng,ning4
妞,nīu,niu1
牛,níu,niu2
纽,nǐu,niu3
扭,nǐu,niu3
钮,nǐu,niu3
狃,nǐu,niu3
忸,nǐu,niu3
拗,nìu,niu4
农,nóng,nong2
浓,nóng,nong2
侬,nóng,nong2
哝,nóng,nong2
脓,nóng,nong2
弄,nòng,nong4
耨,nòu,nou4
奴,nú,nu2
孥,nú,nu2
驽,nú,nu2
努,nǔ,nu3
弩,nǔ,nu3
胬,nǔ,nu3
怒,nù,nu4
女,nǚ,nv3
钕,nǚ,nv3
恧,nǜ,nv4
衄,nǜ,nv4
暖,nuǎn,nuan3
虐,nuè:,nue:4
疟,yào,nue:4
娜,nuó,nuo2
挪,nuó,nuo2
傩,nuó,nuo2
诺,nuò,nuo4
懦,nuò,nuo4
糯,nuò,nuo4
喏,rě,nuo4
搦,nuò,nuo4
锘,nuò,nuo4
噢,ō,o1
喔,wō,o1
哦,wò,o2
哦,wò,o4
区,qū,ou1
欧,ōu,ou1
殴,ōu,ou1
鸥,ōu,ou1
讴,ōu,ou1
瓯,ōu,ou1
沤,òu,ou1
偶,ǒu,ou3
呕,òu,ou3
藕,ǒu,ou3
耦,ǒu,ou3
呕,òu,ou4
沤,òu,ou4
怄,òu,ou4
派,pài,pa1
扒,pá,pa1
趴,pā,pa1
啪,pā,pa1
葩,pā,pa1
爬,pá,pa2
扒,pá,pa2
耙,pá,pa2
杷,pá,pa2
钯,pá,pa2
筢,pá,pa2
怕,pà,pa4
帕,pà,pa4
琶,pa,pa5
拍,pāi,pai1
排,pǎi,pai2
牌,pái,pai2
徘,pái,pai2
俳,pái,pai2
排,pǎi,pai3
迫,pò,pai3
派,pài,pai4
湃,pài,pai4
蒎,pài,pai4
哌,pài,pai4
番,pān,pan1
攀,pān,pan1
潘,pān,pan1
扳,pān,pan1
般,bān,pan2
盘,pán,pan2
胖,pàng,pan2
磐,pán,pan2
蹒,pán,pan2
爿,pán,pan2
蟠,pán,pan2
判,pàn,pan4
盼,pàn,pan4
叛,pàn,pan4
畔,pàn,pan4
拚,pīn,pan4
襻,pàn,pan4
袢,pàn,pan4
泮,pàn,pan4
乓,pāng,pang1
膀,páng,pang1
滂,pāng,pang1
旁,páng,pang2
庞,páng,pang2
膀,páng,pang2
磅,páng,pang2
彷,páng,pang2
螃,páng,pang2
逄,páng,pang2
耪,pǎng,pang3
胖,pàng,pang4
炮,pào,pao1
抛,pāo,pao1
泡,pào,pao1
脬,pāo,pao1
跑,pǎo,pao2
炮,pào,pao2
袍,páo,pao2
刨,páo,pao2
咆,páo,pao2
狍,páo,pao2
匏,páo,pao2
庖,páo,pao2
跑,pǎo,pao3
炮,pào,pao4
泡,pào,pao4
疱,pào,pao4
呸,pēi,pei1
胚,pēi,pei1
醅,pēi,pei1
陪,péi,pei2
培,péi,pei2
赔,péi,pei2
裴,péi,pei2
锫,péi,pei2
配,pèi,pei4
佩,pèi,pei4
沛,pèi,pei4
辔,pèi,pei4
帔,pèi,pei4
旆,pèi,pei4
霈,pèi,pei4
喷,pèn,pen1
盆,pén,pen2
湓,pén,pen2
喷,pèn,pen4
烹,pēng,peng1
抨,pēng,peng1
砰,pēng,peng1
澎,péng,peng1
怦,pēng,peng1
嘭,pēng,peng1
朋,péng,peng2
鹏,péng,peng2
彭,péng,peng2
棚,péng,peng2
蓬,péng,peng2
膨,péng,peng2
篷,péng,peng2
澎,péng,peng2
硼,péng,peng2
堋,péng,peng2
蟛,péng,peng2
捧,pěng,peng3
碰,pèng,peng4
批,pī,pi1
坏,pī,pi1
披,pī,pi1
辟,pì,pi1
劈,pǐ,pi1
坯,pī,pi1
霹,pī,pi1
噼,pī,pi1
丕,pī,pi1
纰,pī,pi1
砒,pī,pi1
邳,pī,pi1
铍,pí,pi1
皮,pí,pi2
疲,pí,pi2
啤,pí,pi2
脾,pí,pi2
琵,pí,pi2
毗,pí,pi2
郫,pí,pi2
鼙,pí,pi2
裨,pí,pi2
埤,pí,pi2
陴,pí,pi2
芘,pí,pi2
枇,pí,pi2
罴,pí,pi2
铍,pí,pi2
陂,pō,pi2
蚍,pí,pi2
蜱,pí,pi2
貔,pí,pi2
否,pǐ,pi3
匹,yǎ,pi3
劈,pǐ,pi3
痞,pǐ,pi3
癖,pǐ,pi3
圮,pǐ,pi3
擗,pǐ,pi3
吡,pǐ,pi3
庀,pǐ,pi3
仳,pǐ,pi3
疋,yǎ,pi3
屁,pì,pi4
辟,pì,pi4
僻,pì,pi4
譬,pì,pi4
媲,pì,pi4
淠,pì,pi4
甓,pì,pi4
睥,pì,pi4
片,piàn,pian1
篇,piān,pian1
偏,piān,pian1
翩,piān,pian1
扁,piān,pian1
犏,piān,pian1
便,pián,pian2
蹁,pián,pian2
缏,pián,pian2
胼,pián,pian2
骈,pián,pian2
谝,piǎn,pian3
片,piàn,pian4
骗,piàn,pian4
漂,piào,piao1
飘,piāo,piao1
剽,piāo,piao1
缥,piǎo,piao1
螵,piāo,piao1
朴,pǔ,piao2
瓢,piáo,piao2
嫖,piáo,piao2
漂,piào,piao3
瞟,piǎo,piao3
缥,piǎo,piao3
殍,piǎo,piao3
莩,piǎo,piao3
票,piào,piao4
漂,piào,piao4
骠,piào,piao4
嘌,piào,piao4
撇,piě,pie1
瞥,piē,pie1
氕,piē,pie1
撇,piě,pie3
丿,piě,pie3
苤,piě,pie3
拼,pīn,pin1
拚,pīn,pin1
姘,pīn,pin1
贫,pín,pin2
频,pín,pin2
苹,píng,pin2
嫔,pín,pin2
颦,pín,pin2
品,pǐn,pin3
榀,pǐn,pin3
聘,pìn,pin4
牝,pìn,pin4
乒,pīng,ping1
娉,pīng,ping1
俜,pīng,ping1
平,píng,ping2
评,píng,ping2
瓶,píng,ping2
凭,píng,ping2
萍,píng,ping2
屏,píng,ping2
冯,píng,ping2
苹,píng,ping2
坪,píng,ping2
枰,píng,ping2
鲆,píng,ping2
颇,pō,po1
坡,pō,po1
泊,pō,po1
朴,pǔ,po1
泼,pō,po1
陂,pō,po1
泺,pō,po1
攴,pō,po1
钋,pō,po1
繁,pó,po2
婆,pó,po2
鄱,pó,po2
皤,pó,po2
叵,pǒ,po3
钷,pǒ,po3
笸,pǒ,po3
破,pò,po4
迫,pò,po4
朴,pǔ,po4
魄,tuò,po4
粕,pò,po4
珀,pò,po4
剖,pōu,pou1
裒,póu,pou2
掊,pǒu,pou2
掊,pǒu,pou3
铺,pù,pu1
扑,pū,pu1
仆,pú,pu1
噗,pū,pu1
葡,pú,pu2
蒲,pú,pu2
仆,pú,pu2
脯,pú,pu2
菩,pú,pu2
匍,pú,pu2
璞,pú,pu2
濮,pú,pu2
莆,pú,pu2
镤,pú,pu2
普,pǔ,pu3
堡,pù,pu3
朴,pǔ,pu3
谱,pǔ,pu3
浦,pǔ,pu3
溥,pǔ,pu3
埔,pǔ,pu3
圃,pǔ,pu3
氆,pǔ,pu3
镨,pǔ,pu3
蹼,pǔ,pu3
暴,pù,pu4
铺,pù,pu4
堡,pù,pu4
曝,pù,pu4
瀑,pù,pu4
期,qī,qi1
七,qī,qi1
妻,qī,qi1
欺,qī,qi1
缉,qī,qi1
戚,qī,qi1
凄,qī,qi1
漆,qī,qi1
栖,xī,qi1
沏,qī,qi1
蹊,xī,qi1
嘁,qī,qi1
萋,qī,qi1
槭,qī,qi1
柒,qī,qi1
欹,yī,qi1
桤,qī,qi1
其,qí,qi2
奇,qí,qi2
棋,qí,qi2
齐,qí,qi2
旗,qí,qi2
骑,qí,qi2
歧,qí,qi2
琪,qí,qi2
祈,qí,qi2
脐,qí,qi2
祺,qí,qi2
祁,qí,qi2
崎,qí,qi2
琦,qí,qi2
淇,qí,qi2
岐,qí,qi2
荠,qí,qi2
俟,sì,qi2
耆,qí,qi2
芪,qí,qi2
颀,qí,qi2
圻,yín,qi2
骐,qí,qi2
畦,qí,qi2
亓,qí,qi2
萁,qí,qi2
蕲,qí,qi2
畦,qí,qi2
蛴,qí,qi2
蜞,qí,qi2
綦,qí,qi2
鳍,qí,qi2
麒,qí,qi2
起,qǐ,qi3
企,qǐ,qi3
启,qǐ,qi3
岂,qǐ,qi3
乞,qǐ,qi3
稽,jī,qi3
绮,qǐ,qi3
杞,qǐ,qi3
芑,qǐ,qi3
屺,qǐ,qi3
綮,qìng,qi3
气,qì,qi4
妻,qī,qi4
器,qì,qi4
汽,qì,qi4
齐,qí,qi4
弃,qì,qi4
泣,qì,qi4
契,xiè,qi4
迄,qì,qi4
砌,qiè,qi4
憩,qì,qi4
汔,qì,qi4
亟,qì,qi4
讫,qì,qi4
葺,qì,qi4
碛,qì,qi4
掐,qiā,qia1
伽,qié,qia1
葜,qiā,qia1
袷,qiā,qia1
卡,qiǎ,qia3
恰,qià,qia4
洽,qià,qia4
髂,qià,qia4
千,qiān,qian1
签,qiān,qian1
牵,qiān,qian1
迁,qiān,qian1
谦,qiān,qian1
铅,qiān,qian1
骞,qiān,qian1
悭,qiān,qian1
芊,qiān,qian1
愆,qiān,qian1
阡,qiān,qian1
仟,qiān,qian1
岍,qiān,qian1
扦,qiān,qian1
佥,qiān,qian1
搴,qiān,qian1
褰,qiān,qian1
钎,qiān,qian1
前,qián,qian2
钱,qián,qian2
潜,qián,qian2
乾,qián,qian2
虔,qián,qian2
钳,qián,qian2
掮,qián,qian2
黔,qián,qian2
荨,qián,qian2
钤,qián,qian2
犍,qián,qian2
箝,qián,qian2
鬈,quán,qian2
浅,qiǎn,qian3
遣,qiǎn,qian3
谴,qiǎn,qian3
缱,qiǎn,qian3
肷,qiǎn,qian3
欠,qiàn,qian4
歉,qiàn,qian4
纤,xiān,qian4
嵌,qiàn,qian4
倩,qiàn,qian4
堑,qiàn,qian4
茜,xī,qian4
芡,qiàn,qian4
慊,qiè,qian4
椠,qiàn,qian4
将,qiāng,qiang1
枪,qiāng,qiang1
抢,qiǎng,qiang1
腔,qiāng,qiang1
呛,qiàng,qiang1
锵,qiāng,qiang1
跄,qiàng,qiang1
羌,qiāng,qiang1
戕,qiāng,qiang1
戗,qiàng,qiang1
镪,qiǎng,qiang1
蜣,qiāng,qiang1
锖,qiāng,qiang1
强,qiǎng,qiang2
墙,qiáng,qiang2
蔷,qiáng,qiang2
樯,qiáng,qiang2
嫱,qiáng,qiang2
强,qiǎng,qiang3
抢,qiǎng,qiang3
襁,qiǎng,qiang3
镪,qiǎng,qiang3
羟,qiǎng,qiang3
呛,qiàng,qiang4
跄,qiàng,qiang4
炝,qiàng,qiang4
戗,qiàng,qiang4
悄,qiǎo,qiao1
敲,qiāo,qiao1
雀,què,qiao1
锹,qiāo,qiao1
跷,qiāo,qiao1
橇,qiāo,qiao1
缲,zǎo,qiao1
硗,qiāo,qiao1
劁,qiāo,qiao1
桥,qiáo,qiao2
乔,qiáo,qiao2
侨,qiáo,qiao2
瞧,yǎ,qiao2
翘,qiào,qiao2
蕉,qiáo,qiao2
憔,qiáo,qiao2
樵,qiáo,qiao2
峤,qiáo,qiao2
谯,qiào,qiao2
荞,qiáo,qiao2
鞒,qiáo,qiao2
悄,qiǎo,qiao3
巧,qiǎo,qiao3
雀,què,qiao3
愀,qiǎo,qiao3
翘,qiào,qiao4
俏,qiào,qiao4
窍,qiào,qiao4
壳,ké,qiao4
峭,qiào,qiao4
撬,qiào,qiao4
鞘,shāo,qiao4
诮,qiào,qiao4
谯,qiào,qiao4
切,qiē,qie1
茄,qié,qie2
伽,qié,qie2
且,qiě,qie3
切,qiē,qie4
窃,qiè,qie4
怯,qiè,qie4
趄,qiè,qie4
妾,qiè,qie4
砌,qiè,qie4
惬,qiè,qie4
锲,qiè,qie4
挈,qiè,qie4
郄,qiè,qie4
箧,qiè,qie4
慊,qiè,qie4
亲,qīn,qin1
钦,qīn,qin1
侵,qīn,qin1
衾,qīn,qin1
琴,qín,qin2
秦,qín,qin2
勤,qín,qin2
芹,qín,qin2
擒,qín,qin2
矜,qín,qin2
覃,tán,qin2
禽,qín,qin2
噙,qín,qin2
廑,qín,qin2
溱,zhēn,qin2
檎,qín,qin2
锓,qín,qin2
嗪,qín,qin2
芩,qín,qin2
螓,qín,qin2
寝,qǐn,qin3
沁,qìn,qin4
揿,qìn,qin4
吣,qìn,qin4
青,qīng,qing1
清,qīng,qing1
轻,qīng,qing1
倾,qīng,qing1
卿,qīng,qing1
氢,qīng,qing1
蜻,qīng,qing1
圊,qīng,qing1
鲭,zhēng,qing1
情,qíng,qing2
晴,qíng,qing2
擎,qíng,qing2
氰,qíng,qing2
檠,qíng,qing2
黥,qíng,qing2
请,qǐng,qing3
顷,qǐng,qing3
謦,qǐng,qing3
苘,qǐng,qing3
亲,qīn,qing4
庆,qìng,qing4
罄,qìng,qing4
磬,qìng,qing4
箐,qìng,qing4
綮,qìng,qing4
穷,qióng,qiong2
琼,qióng,qiong2
穹,qióng,qiong2
茕,qióng,qiong2
邛,qióng,qiong2
蛩,qióng,qiong2
筇,qióng,qiong2
跫,qióng,qiong2
銎,qióng,qiong2
秋,qīu,qiu1
邱,qīu,qiu1
丘,qīu,qiu1
龟,qīu,qiu1
蚯,qīu,qiu1
鳅,qīu,qiu1
楸,qīu,qiu1
湫,qīu,qiu1
求,qíu,qiu2
球,qíu,qiu2
仇,qíu,qiu2
囚,qíu,qiu2
酋,qíu,qiu2
裘,qíu,qiu2
虬,qíu,qiu2
俅,qíu,qiu2
遒,qíu,qiu2
赇,qíu,qiu2
泅,qíu,qiu2
逑,qíu,qiu2
犰,qíu,qiu2
蝤,yóu,qiu2
巯,qíu,qiu2
鼽,yǎn,qiu2
糗,qǐu,qiu3
区,qū,qu1
曲,qǔ,qu1
屈,qū,qu1
趋,qū,qu1
驱,qū,qu1
躯,qū,qu1
觑,qù,qu1
岖,qū,qu1
蛐,qū,qu1
祛,qū,qu1
蛆,qū,qu1
麴,qū,qu1
诎,qū,qu1
黢,qū,qu1
渠,qú,qu2
瞿,qú,qu2
衢,qú,qu2
癯,qú,qu2
劬,qú,qu2
璩,qú,qu2
氍,qú,qu2
朐,qú,qu2
磲,qú,qu2
鸲,qú,qu2
蕖,qú,qu2
蠼,qú,qu2
蘧,qú,qu2
取,qǔ,qu3
曲,qǔ,qu3
娶,qǔ,qu3
龋,qǔ,qu3
苣,qǔ,qu3
去,qù,qu4
趣,qù,qu4
觑,qù,qu4
阒,qù,qu4
戌,xū,qu5
圈,juàn,quan1
悛,quān,quan1
全,quán,quan2
权,quán,quan2
泉,quán,quan2
拳,quán,quan2
诠,quán,quan2
颧,quán,quan2
蜷,quán,quan2
荃,quán,quan2
铨,quán,quan2
痊,quán,quan2
醛,quán,quan2
辁,quán,quan2
筌,quán,quan2
鬈,quán,quan2
犬,quǎn,quan3
绻,quǎn,quan3
畎,quǎn,quan3
劝,quàn,quan4
券,xuàn,quan4
缺,quē,que1
阙,què,que1
炔,quē,que1
瘸,qué,que2
却,què,que4
确,què,que4
雀,què,que4
榷,què,que4
鹊,què,que4
阕,què,que4
阙,què,que4
悫,què,que4
逡,qūn,qun1
群,qún,qun2
裙,qún,qun2
麇,qún,qun2
然,rán,ran2
燃,rán,ran2
髯,rán,ran2
蚺,rán,ran2
染,rǎn,ran3
冉,rǎn,ran3
苒,rǎn,ran3
嚷,rǎng,rang1
瓤,ráng,rang2
禳,rǎng,rang2
穰,ráng,rang2
嚷,rǎng,rang3
攘,rǎng,rang3
壤,rǎng,rang3
禳,rǎng,rang3
让,ràng,rang4
饶,ráo,rao2
娆,rǎo,rao2
桡,ráo,rao2
荛,ráo,rao2
扰,rǎo,rao3
绕,rào,rao3
娆,rǎo,rao3
绕,rào,rao4
若,ruò,re3
惹,rě,re3
喏,rě,re3
热,rè,re4
人,rén,ren2
任,rèn,ren2
仁,rén,ren2
壬,rén,ren2
忍,rěn,ren3
稔,rěn,ren3
荏,rěn,ren3
任,rèn,ren4
认,rèn,ren4
韧,rèn,ren4
刃,rèn,ren4
纫,rèn,ren4
饪,rèn,ren4
仞,rèn,ren4
葚,shèn,ren4
妊,rèn,ren4
轫,rèn,ren4
衽,rèn,ren4
扔,rēng,reng1
仍,réng,reng2
日,rì,ri4
容,róng,rong2
荣,róng,rong2
融,róng,rong2
蓉,róng,rong2
溶,róng,rong2
绒,róng,rong2
熔,róng,rong2
榕,róng,rong2
戎,róng,rong2
嵘,róng,rong2
茸,róng,rong2
狨,róng,rong2
肜,róng,rong2
蝾,róng,rong2
冗,rǒng,rong3
柔,róu,rou2
揉,róu,rou2
蹂,róu,rou2
糅,róu,rou2
鞣,róu,rou2
肉,ròu,rou4
如,rú,ru2
儒,rú,ru2
茹,rú,ru2
嚅,rú,ru2
濡,rú,ru2
孺,rú,ru2
蠕,rú,ru2
薷,rú,ru2
铷,rú,ru2
襦,rú,ru2
颥,rú,ru2
辱,rǔ,ru3
乳,rǔ,ru3
汝,rǔ,ru3
入,rù,ru4
褥,rù,ru4
缛,rù,ru4
洳,rù,ru4
溽,rù,ru4
蓐,rù,ru4
软,ruǎn,ruan3
阮,ruǎn,ruan3
朊,ruǎn,ruan3
蕤,ruí,rui2
蕊,ruǐ,rui3
瑞,ruì,rui4
锐,ruì,rui4
芮,ruì,rui4
睿,ruì,rui4
枘,ruì,rui4
蚋,ruì,rui4
润,rùn,run4
闰,rùn,run4
若,ruò,ruo4
弱,ruò,ruo4
偌,ruò,ruo4
箬,ruò,ruo4
撒,sǎ,sa1
仨,sā,sa1
挲,suō,sa1
洒,sǎ,sa3
撒,sǎ,sa3
萨,sà,sa4
卅,sà,sa4
飒,sà,sa4
脎,sà,sa4
思,sī,sai1
塞,sè,sai1
腮,sāi,sai1
鳃,sāi,sai1
噻,sāi,sai1
赛,sài,sai4
塞,sè,sai4
三,sān,san1
叁,sān,san1
毵,sān,san1
散,sàn,san3
伞,sǎn,san3
馓,sǎn,san3
糁,shēn,san3
霰,xiàn,san3
散,sàn,san4
丧,sàng,sang1
桑,sāng,sang1
嗓,sǎng,sang3
搡,sǎng,sang3
磉,sǎng,sang3
颡,sǎng,sang3
丧,sàng,sang4
骚,sāo,sao1
搔,sāo,sao1
臊,sào,sao1
缲,zǎo,sao1
缫,sāo,sao1
鳋,sāo,sao1
扫,sǎo,sao3
嫂,sǎo,sao3
扫,sǎo,sao4
梢,shāo,sao4
臊,sào,sao4
埽,sào,sao4
瘙,sào,sao4
色,shǎi,se4
塞,sè,se4
涩,sè,se4
瑟,sè,se4
啬,sè,se4
铯,sè,se4
穑,sè,se4
森,sēn,sen1
僧,sēng,seng1
杀,shā,sha1
沙,shà,sha1
刹,shā,sha1
纱,shā,sha1
杉,shān,sha1
莎,suō,sha1
煞,shà,sha1
砂,shā,sha1
挲,suō,sha1
鲨,shā,sha1
痧,shā,sha1
裟,shā,sha1
铩,shā,sha1
傻,shǎ,sha3
沙,shà,sha4
啥,shà,sha4
厦,xià,sha4
煞,shà,sha4
霎,shà,sha4
嗄,shà,sha4
歃,shà,sha4
唼,shà,sha4
筛,shāi,shai1
酾,shī,shai1
色,shǎi,shai3
晒,shài,shai4
山,shān,shan1
衫,shān,shan1
删,shān,shan1
煽,shān,shan1
扇,shàn,shan1
珊,shān,shan1
杉,shān,shan1
栅,zhà,shan1
跚,shān,shan1
姗,shān,shan1
潸,shān,shan1
膻,shān,shan1
芟,shān,shan1
埏,shān,shan1
钐,shàn,shan1
舢,shān,shan1
苫,shàn,shan1
髟,shān,shan1
闪,shǎn,shan3
陕,shǎn,shan3
掺,shǎn,shan3
掸,shàn,shan3
单,shàn,shan4
善,shàn,shan4
扇,shàn,shan4
禅,shàn,shan4
擅,shàn,shan4
膳,shàn,shan4
讪,shàn,shan4
汕,shàn,shan4
赡,shàn,shan4
缮,shàn,shan4
嬗,shàn,shan4
掸,shàn,shan4
骟,shàn,shan4
剡,yǎn,shan4
苫,shàn,shan4
鄯,shàn,shan4
钐,shàn,shan4
疝,shàn,shan4
蟮,shàn,shan4
鳝,shàn,shan4
商,shāng,shang1
伤,shāng,shang1
汤,tāng,shang1
殇,shāng,shang1
觞,shāng,shang1
熵,shāng,shang1
墒,shāng,shang1
上,shàng,shang3
赏,shǎng,shang3
晌,shǎng,shang3
垧,shǎng,shang3
上,shàng,shang4
尚,shàng,shang4
绱,shàng,shang4
裳,shang,shang5
烧,shāo,shao1
稍,shào,shao1
梢,shāo,shao1
捎,shào,shao1
鞘,shāo,shao1
蛸,xiāo,shao1
筲,shāo,shao1
艄,shāo,shao1
勺,sháo,shao2
韶,sháo,shao2
苕,tiáo,shao2
杓,sháo,shao2
芍,sháo,shao2
少,shào,shao3
少,shào,shao4
绍,shào,shao4
召,zhào,shao4
稍,shào,shao4
哨,shào,shao4
邵,shào,shao4
捎,shào,shao4
潲,shào,shao4
劭,shào,shao4
奢,shē,she1
赊,shē,she1
猞,shē,she1
畲,shē,she1
折,zhé,she2
舌,shé,she2
蛇,yí,she2
佘,shé,she2
舍,shè,she3
社,shè,she4
设,shè,she4
舍,shè,she4
涉,shè,she4
射,shè,she4
摄,shè,she4
赦,shè,she4
慑,shè,she4
麝,shè,she4
滠,shè,she4
歙,xī,she4
厍,shè,she4
谁,shuí,shei2
身,shēn,shen1
深,shēn,shen1
参,shēn,shen1
申,shēn,shen1
伸,shēn,shen1
绅,shēn,shen1
呻,shēn,shen1
莘,shēn,shen1
娠,shēn,shen1
诜,shēn,shen1
砷,shēn,shen1
糁,shēn,shen1
什,shí,shen2
神,shén,shen2
甚,shèn,shen2
审,shěn,shen3
沈,shěn,shen3
婶,shěn,shen3
谂,shěn,shen3
哂,shěn,shen3
渖,shěn,shen3
矧,shěn,shen3
甚,shèn,shen4
慎,shèn,shen4
渗,shèn,shen4
肾,shèn,shen4
蜃,shèn,shen4
葚,shèn,shen4
胂,shèn,shen4
椹,zhēn,shen4
生,shēng,sheng1
声,shēng,sheng1
胜,shèng,sheng1
升,shēng,sheng1
牲,shēng,sheng1
甥,shēng,sheng1
笙,shēng,sheng1
绳,shéng,sheng2
渑,shéng,sheng2
省,shěng,sheng3
眚,shěng,sheng3
胜,shèng,sheng4
圣,shèng,sheng4
盛,shèng,sheng4
乘,shèng,sheng4
剩,shèng,sheng4
嵊,shèng,sheng4
晟,shèng,sheng4
师,shī,shi1
诗,shī,shi1
失,shī,shi1
施,shī,shi1
尸,shī,shi1
湿,shī,shi1
狮,shī,shi1
嘘,xū,shi1
虱,shī,shi1
蓍,shī,shi1
酾,shī,shi1
鲺,shī,shi1
时,shí,shi2
十,shí,shi2
实,shí,shi2
什,shí,shi2
识,shí,shi2
食,sì,shi2
石,shí,shi2
拾,shí,shi2
蚀,shí,shi2
埘,shí,shi2
莳,shì,shi2
炻,shí,shi2
鲥,shí,shi2
使,shǐ,shi3
始,shǐ,shi3
史,shǐ,shi3
驶,shǐ,shi3
屎,shǐ,shi3
矢,shǐ,shi3
豕,shǐ,shi3
是,shì,shi4
事,shì,shi4
世,shì,shi4
市,shì,shi4
士,shì,shi4
式,shì,shi4
视,shì,shi4
似,sì,shi4
示,shì,shi4
室,shì,shi4
势,shì,shi4
试,shì,shi4
释,shì,shi4
适,shì,shi4
氏,zhī,shi4
饰,shì,shi4
逝,shì,shi4
誓,shì,shi4
嗜,shì,shi4
侍,shì,shi4
峙,zhì,shi4
仕,shì,shi4
恃,shì,shi4
柿,shì,shi4
轼,shì,shi4
拭,shì,shi4
噬,shì,shi4
弑,shì,shi4
谥,shì,shi4
莳,shì,shi4
贳,shì,shi4
铈,shì,shi4
螫,shì,shi4
舐,shì,shi4
筮,shì,shi4
殖,zhí,shi5
匙,shi,shi5
收,shōu,shou1
熟,shú,shou2
手,shǒu,shou3
首,shǒu,shou3
守,shǒu,shou3
艏,shǒu,shou3
受,shòu,shou4
授,shòu,shou4
售,shòu,shou4
瘦,shòu,shou4
寿,shòu,shou4
兽,shòu,shou4
狩,shòu,shou4
绶,shòu,shou4
书,shū,shu1
输,shū,shu1
殊,shū,shu1
舒,shū,shu1
叔,shū,shu1
疏,shū,shu1
抒,shū,shu1
淑,shū,shu1
梳,shū,shu1
枢,shū,shu1
蔬,shū,shu1
倏,shū,shu1
菽,shū,shu1
摅,shū,shu1
姝,shū,shu1
纾,shū,shu1
毹,shū,shu1
殳,shū,shu1
疋,yǎ,shu1
熟,shú,shu2
孰,shú,shu2
赎,shú,shu2
塾,shú,shu2
秫,shú,shu2
数,shuò,shu3
属,zhǔ,shu3
署,shǔ,shu3
鼠,shǔ,shu3
薯,shǔ,shu3
暑,shǔ,shu3
蜀,shǔ,shu3
黍,shǔ,shu3
曙,shǔ,shu3
数,shuò,shu4
术,zhú,shu4
树,shù,shu4
述,shù,shu4
束,shù,shu4
竖,shù,shu4
恕,shù,shu4
墅,shù,shu4
漱,shù,shu4
俞,yú,shu4
戍,shù,shu4
庶,shù,shu4
澍,shù,shu4
沭,shù,shu4
丨,shù,shu4
腧,shù,shu4
刷,shuà,shua1
唰,shuā,shua1
耍,shuǎ,shua3
刷,shuà,shua4
衰,shuāi,shuai1
摔,shuāi,shuai1
甩,shuǎi,shuai3
率,shuài,shuai4
帅,shuài,shuai4
蟀,shuài,shuai4
栓,shuān,shuan1
拴,shuān,shuan1
闩,shuān,shuan1
涮,shuàn,shuan4
双,shuāng,shuang1
霜,shuāng,shuang1
孀,shuāng,shuang1
泷,shuāng,shuang1
爽,shuǎng,shuang3
谁,shuí,shui2
水,shuǐ,shui3
说,yuè,shui4
税,shuì,shui4
睡,shuì,shui4
吮,shǔn,shun3
顺,shùn,shun4
舜,shùn,shun4
瞬,shùn,shun4
说,yuè,shuo1
数,shuò,shuo4
朔,shuò,shuo4
硕,shuò,shuo4
烁,shuò,shuo4
铄,shuò,shuo4
妁,shuò,shuo4
蒴,shuò,shuo4
槊,shuò,shuo4
搠,shuò,shuo4
思,sī,si1
斯,sī,si1
司,sī,si1
私,sī,si1
丝,sī,si1
撕,sī,si1
厮,sī,si1
嘶,sī,si1
鸶,sī,si1
咝,sī,si1
澌,sī,si1
缌,sī,si1
锶,sī,si1
厶,sī,si1
蛳,sī,si1
死,sǐ,si3
四,sì,si4
似,sì,si4
食,sì,si4
寺,sì,si4
肆,sì,si4
伺,sì,si4
饲,sì,si4
嗣,sì,si4
巳,sì,si4
祀,sì,si4
驷,sì,si4
泗,sì,si4
俟,sì,si4
汜,sì,si4
兕,sì,si4
姒,sì,si4
耜,sì,si4
笥,sì,si4
厕,si,si5
松,sōng,song1
忪,zhōng,song1
淞,sōng,song1
崧,sōng,song1
嵩,sōng,song1
凇,sōng,song1
菘,sōng,song1
耸,sǒng,song3
悚,sǒng,song3
怂,sǒng,song3
竦,sǒng,song3
送,sòng,song4
宋,sòng,song4
诵,sòng,song4
颂,sòng,song4
讼,sòng,song4
搜,sōu,sou1
艘,sōu,sou1
馊,sōu,sou1
嗖,sōu,sou1
溲,sōu,sou1
飕,sōu,sou1
锼,sōu,sou1
螋,sōu,sou1
擞,sòu,sou3
叟,sǒu,sou3
薮,sǒu,sou3
嗾,sǒu,sou3
瞍,sǒu,sou3
嗽,sòu,sou4
擞,sòu,sou4
苏,sū,su1
稣,sū,su1
酥,sū,su1
俗,sú,su2
诉,sù,su4
速,sù,su4
素,sù,su4
肃,sù,su4
宿,sù,su4
缩,suō,su4
塑,sù,su4
溯,sù,su4
粟,sù,su4
簌,sù,su4
夙,sù,su4
嗉,sù,su4
谡,sù,su4
僳,sù,su4
愫,sù,su4
涑,sù,su4
蔌,sù,su4
觫,sù,su4
酸,suān,suan1
狻,suān,suan1
算,suàn,suan4
蒜,suàn,suan4
虽,suī,sui1
尿,suī,sui1
荽,suī,sui1
睢,suī,sui1
眭,suī,sui1
濉,suī,sui1
随,suí,sui2
遂,suì,sui2
隋,suí,sui2
绥,suí,sui2
髓,suǐ,sui3
岁,suì,sui4
碎,suì,sui4
遂,suì,sui4
祟,suì,sui4
隧,suì,sui4
邃,suì,sui4
穗,suì,sui4
燧,suì,sui4
谇,suì,sui4
孙,sūn,sun1
荪,sūn,sun1
狲,sūn,sun1
飧,sūn,sun1
损,sǔn,sun3
笋,sǔn,sun3
榫,sǔn,sun3
隼,sǔn,sun3
缩,suō,suo1
莎,suō,suo1
梭,suō,suo1
嗦,suō,suo1
唆,suō,suo1
挲,suō,suo1
娑,suō,suo1
睃,suō,suo1
桫,suō,suo1
嗍,suō,suo1
蓑,suō,suo1
羧,suō,suo1
所,suǒ,suo3
索,suǒ,suo3
锁,suǒ,suo3
琐,suǒ,suo3
唢,suǒ,suo3
他,tā,ta1
她,tā,ta1
它,tā,ta1
踏,tà,ta1
塌,tā,ta1
遢,tā,ta1
溻,tā,ta1
铊,tuó,ta1
趿,tā,ta1
塔,tǎ,ta3
鳎,tǎ,ta3
獭,tǎ,ta3
踏,tà,ta4
拓,tuò,ta4
榻,tà,ta4
嗒,tà,ta4
蹋,tà,ta4
沓,tà,ta4
挞,tà,ta4
闼,tà,ta4
漯,tà,ta4
台,tái,tai1
胎,tāi,tai1
苔,tái,tai1
台,tái,tai2
抬,tái,tai2
苔,tái,tai2
邰,tái,tai2
薹,tái,tai2
骀,tái,tai2
炱,tái,tai2
跆,tái,tai2
鲐,tái,tai2
呔,tǎi,tai3
太,tài,tai4
态,tài,tai4
泰,tài,tai4
汰,tài,tai4
酞,tài,tai4
肽,tài,tai4
钛,tài,tai4
摊,tān,tan1
贪,tān,tan1
滩,tān,tan1
瘫,tān,tan1
坍,tān,tan1
谈,tán,tan2
弹,tán,tan2
坛,tán,tan2
谭,tán,tan2
潭,tán,tan2
覃,tán,tan2
痰,tán,tan2
澹,tán,tan2
檀,tán,tan2
昙,tán,tan2
锬,tán,tan2
镡,xín,tan2
郯,tán,tan2
坦,tǎn,tan3
毯,tǎn,tan3
忐,tǎn,tan3
袒,tǎn,tan3
钽,tǎn,tan3
探,tàn,tan4
叹,tàn,tan4
炭,tàn,tan4
碳,tàn,tan4
汤,tāng,tang1
趟,tàng,tang1
铴,tāng,tang1
镗,táng,tang1
耥,tāng,tang1
羰,tāng,tang1
堂,táng,tang2
唐,táng,tang2
糖,táng,tang2
膛,táng,tang2
塘,táng,tang2
棠,táng,tang2
搪,táng,tang2
溏,táng,tang2
螳,táng,tang2
瑭,táng,tang2
樘,táng,tang2
镗,táng,tang2
螗,táng,tang2
饧,xíng,tang2
醣,táng,tang2
躺,tǎng,tang3
倘,tǎng,tang3
淌,tǎng,tang3
傥,tǎng,tang3
帑,tǎng,tang3
趟,tàng,tang4
烫,tàng,tang4
涛,tāo,tao1
掏,tāo,tao1
滔,tāo,tao1
叨,tāo,tao1
焘,tāo,tao1
韬,tāo,tao1
饕,tāo,tao1
绦,tāo,tao1
逃,táo,tao2
陶,yáo,tao2
桃,táo,tao2
淘,táo,tao2
萄,táo,tao2
啕,táo,tao2
洮,táo,tao2
鼗,táo,tao2
讨,tǎo,tao3
套,tào,tao4
特,tè,te4
忑,tè,te4
忒,tuī,te4
慝,tè,te4
铽,tè,te4
忒,tuī,tei1
腾,téng,teng2
疼,téng,teng2
藤,téng,teng2
誊,téng,teng2
滕,téng,teng2
体,tǐ,ti1
踢,tī,ti1
梯,tī,ti1
剔,tī,ti1
锑,tī,ti1
提,tí,ti2
题,tí,ti2
啼,tí,ti2
蹄,tí,ti2
醍,tí,ti2
绨,tì,ti2
缇,tí,ti2
鹈,tí,ti2
荑,yí,ti2
体,tǐ,ti3
替,tì,ti4
涕,tì,ti4
剃,tì,ti4
惕,tì,ti4
屉,tì,ti4
嚏,tì,ti4
悌,tì,ti4
倜,tì,ti4
逖,tì,ti4
绨,tì,ti4
裼,tì,ti4
天,tiān,tian1
添,tiān,tian1
田,tián,tian2
填,tián,tian2
甜,tián,tian2
恬,tián,tian2
佃,tián,tian2
阗,tián,tian2
畋,tián,tian2
钿,tián,tian2
腆,tiǎn,tian3
舔,tiǎn,tian3
忝,tiǎn,tian3
殄,tiǎn,tian3
掭,tiàn,tian4
挑,tiǎo,tiao1
佻,tiāo,tiao1
祧,tiāo,tiao1
条,tiáo,tiao2
调,tiáo,tiao2
迢,tiáo,tiao2
鲦,tiáo,tiao2
苕,tiáo,tiao2
髫,tiáo,tiao2
龆,tiáo,tiao2
蜩,tiáo,tiao2
笤,tiáo,tiao2
挑,tiǎo,tiao3
窕,tiǎo,tiao3
跳,tiào,tiao4
眺,tiào,tiao4
粜,tiào,tiao4
贴,tiē,tie1
帖,tiè,tie1
萜,tiē,tie1
铁,tiě,tie3
帖,tiè,tie3
帖,tiè,tie4
餮,tiè,tie4
听,tīng,ting1
厅,tīng,ting1
汀,tīng,ting1
烃,tīng,ting1
停,tíng,ting2
庭,tíng,ting2
亭,tíng,ting2
婷,tíng,ting2
廷,tíng,ting2
霆,tíng,ting2
蜓,tíng,ting2
葶,tíng,ting2
莛,tíng,ting2
挺,tǐng,ting3
艇,tǐng,ting3
町,tǐng,ting3
铤,tǐng,ting3
梃,tìng,ting3
梃,tìng,ting4
通,tòng,tong1
恫,tōng,tong1
嗵,tōng,tong1
同,tòng,tong2
童,tóng,tong2
彤,tóng,tong2
铜,tóng,tong2
桐,tóng,tong2
瞳,tóng,tong2
佟,tóng,tong2
酮,tóng,tong2
侗,tǒng,tong2
仝,tóng,tong2
垌,tóng,tong2
茼,tóng,tong2
峒,tóng,tong2
潼,tóng,tong2
砼,tóng,tong2
统,tǒng,tong3
筒,tǒng,tong3
桶,tǒng,tong3
捅,tǒng,tong3
侗,tǒng,tong3
同,tòng,tong4
通,tòng,tong4
痛,tòng,tong4
恸,tòng,tong4
偷,tōu,tou1
头,tóu,tou2
投,tóu,tou2
骰,tóu,tou2
钭,tǒu,tou3
透,tòu,tou4
突,tū,tu1
秃,tū,tu1
凸,tū,tu1
图,tú,tu2
途,tú,tu2
徒,tú,tu2
屠,tú,tu2
涂,tú,tu2
荼,tú,tu2
菟,tù,tu2
酴,tú,tu2
土,tǔ,tu3
吐,tǔ,tu3
钍,tǔ,tu3
吐,tǔ,tu4
兔,tù,tu4
堍,tù,tu4
菟,tù,tu4
湍,tuān,tuan1
团,tuán,tuan2
抟,tuán,tuan2
疃,tuǎn,tuan3
彖,tuàn,tuan4
推,tuī,tui1
忒,tuī,tui1
颓,tuí,tui2
腿,tuǐ,tui3
退,tuì,tui4
褪,tùn,tui4
蜕,tuì,tui4
煺,tuì,tui4
吞,tūn,tun1
暾,tūn,tun1
屯,zhūn,tun2
饨,tún,tun2
臀,tún,tun2
囤,tún,tun2
豚,tún,tun2
氽,tǔn,tun3
褪,tùn,tun4
托,tuō,tuo1
脱,tuō,tuo1
拖,tuō,tuo1
乇,tuō,tuo1
陀,tuó,tuo2
舵,tuó,tuo2
驼,tuó,tuo2
砣,tuó,tuo2
驮,tuó,tuo2
沱,tuó,tuo2
跎,tuó,tuo2
坨,tuó,tuo2
鸵,tuó,tuo2
橐,tuó,tuo2
佗,tuó,tuo2
铊,tuó,tuo2
酡,tuó,tuo2
柁,tuó,tuo2
鼍,tuó,tuo2
妥,tuǒ,tuo3
椭,tuǒ,tuo3
庹,tuǒ,tuo3
魄,tuò,tuo4
拓,tuò,tuo4
唾,tuò,tuo4
柝,tuò,tuo4
箨,tuò,tuo4
挖,wā,wa1
哇,wa,wa1
凹,āo,wa1
娲,wā,wa1
蛙,wā,wa1
洼,wā,wa1
娃,wá,wa2
瓦,wà,wa3
佤,wǎ,wa3
瓦,wà,wa4
袜,wà,wa4
腽,wà,wa4
哇,wa,wa5
歪,wāi,wai1
崴,wēi,wai3
外,wài,wai4
湾,wān,wan1
弯,wān,wan1
蜿,wān,wan1
剜,wān,wan1
豌,wān,wan1
完,wán,wan2
玩,wán,wan2
顽,wán,wan2
丸,wán,wan2
纨,wán,wan2
芄,wán,wan2
烷,wán,wan2
晚,wǎn,wan3
碗,wǎn,wan3
挽,wǎn,wan3
婉,wǎn,wan3
惋,wǎn,wan3
宛,wǎn,wan3
莞,wǎn,wan3
娩,wǎn,wan3
畹,wǎn,wan3
皖,wǎn,wan3
绾,wǎn,wan3
琬,wǎn,wan3
脘,wǎn,wan3
菀,yù,wan3
万,wàn,wan4
腕,wàn,wan4
蔓,wàn,wan4
汪,wāng,wang1
尢,yóu,wang1
王,wáng,wang2
忘,wàng,wang2
亡,wáng,wang2
芒,wáng,wang2
往,wǎng,wang3
网,wǎng,wang3
枉,wǎng,wang3
惘,wǎng,wang3
罔,wǎng,wang3
辋,wǎng,wang3
魍,wǎng,wang3
望,wàng,wang4
王,wáng,wang4
往,wǎng,wang4
忘,wàng,wang4
旺,wàng,wang4
妄,wàng,wang4
委,wěi,wei1
威,wēi,wei1
微,wēi,wei1
危,wēi,wei1
巍,wēi,wei1
萎,wěi,wei1
偎,wēi,wei1
薇,wēi,wei1
逶,wēi,wei1
煨,wēi,wei1
崴,wēi,wei1
葳,wēi,wei1
隈,wēi,wei1
为,wéi,wei2
维,wéi,wei2
围,wéi,wei2
唯,wěi,wei2
违,wéi,wei2
韦,wéi,wei2
惟,wéi,wei2
帷,wéi,wei2
帏,wéi,wei2
圩,xū,wei2
囗,wéi,wei2
潍,wéi,wei2
桅,wéi,wei2
嵬,wéi,wei2
闱,wéi,wei2
沩,wéi,wei2
涠,wéi,wei2
委,wěi,wei3
伟,wěi,wei3
唯,wěi,wei3
尾,yǐ,wei3
玮,wěi,wei3
伪,wěi,wei3
炜,wěi,wei3
纬,wěi,wei3
萎,wěi,wei3
娓,wěi,wei3
苇,wěi,wei3
猥,wěi,wei3
痿,wěi,wei3
韪,wěi,wei3
洧,wěi,wei3
隗,wěi,wei3
诿,wěi,wei3
艉,wěi,wei3
鲔,wěi,wei3
为,wéi,wei4
位,wèi,wei4
未,wèi,wei4
味,wèi,wei4
卫,wèi,wei4
谓,wèi,wei4
遗,yí,wei4
慰,wèi,wei4
魏,wèi,wei4
蔚,yù,wei4
畏,wèi,wei4
胃,wèi,wei4
喂,wèi,wei4
尉,yù,wei4
渭,wèi,wei4
猬,wèi,wei4
軎,wèi,wei4
温,wēn,wen1
瘟,wēn,wen1
文,wén,wen2
闻,wén,wen2
纹,wèn,wen2
蚊,wén,wen2
雯,wén,wen2
璺,wèn,wen2
阌,wén,wen2
稳,wěn,wen3
吻,wěn,wen3
紊,wěn,wen3
刎,wěn,wen3
问,wèn,wen4
纹,wèn,wen4
汶,wèn,wen4
璺,wèn,wen4
翁,wēng,weng1
嗡,wēng,weng1
蓊,wěng,weng3
瓮,wèng,weng4
蕹,wèng,weng4
窝,wō,wo1
涡,wō,wo1
蜗,wō,wo1
喔,wō,wo1
倭,wō,wo1
挝,wō,wo1
莴,wō,wo1
哦,wò,wo2
我,wǒ,wo3
握,wò,wo4
卧,wò,wo4
哦,wò,wo4
渥,wò,wo4
沃,wò,wo4
斡,wò,wo4
幄,wò,wo4
肟,wò,wo4
硪,wò,wo4
龌,wò,wo4
於,yū,wu1
恶,wù,wu1
屋,wū,wu1
污,wū,wu1
乌,wù,wu1
巫,wū,wu1
呜,wū,wu1
诬,wū,wu1
兀,wù,wu1
钨,wū,wu1
邬,wū,wu1
圬,wū,wu1
无,wú,wu2
亡,wáng,wu2
吴,wú,wu2
吾,wú,wu2
捂,wǔ,wu2
毋,wú,wu2
梧,wú,wu2
唔,wú,wu2
芜,wú,wu2
浯,wú,wu2
蜈,wú,wu2
鼯,wú,wu2
五,wǔ,wu3
武,wǔ,wu3
午,wǔ,wu3
舞,wǔ,wu3
伍,wǔ,wu3
侮,wǔ,wu3
捂,wǔ,wu3
妩,wǔ,wu3
忤,wǔ,wu3
鹉,wǔ,wu3
牾,wǔ,wu3
迕,wǔ,wu3
庑,wǔ,wu3
怃,wǔ,wu3
仵,wǔ,wu3
物,wù,wu4
务,wù,wu4
误,wù,wu4
恶,wù,wu4
悟,wù,wu4
乌,wù,wu4
雾,wù,wu4
勿,wù,wu4
坞,wù,wu4
戊,wù,wu4
兀,wù,wu4
晤,wù,wu4
鹜,wù,wu4
痦,wù,wu4
寤,wù,wu4
骛,wù,wu4
芴,wù,wu4
杌,wù,wu4
焐,wù,wu4
阢,wù,wu4
婺,wù,wu4
鋈,wù,wu4
西,xī,xi1
息,xī,xi1
希,xī,xi1
吸,xī,xi1
惜,xī,xi1
稀,xī,xi1
悉,xī,xi1
析,xī,xi1
夕,xī,xi1
牺,xī,xi1
腊,xī,xi1
昔,xī,xi1
熙,xī,xi1
兮,xī,xi1
溪,xī,xi1
嘻,xī,xi1
锡,xī,xi1
晰,xī,xi1
樨,xī,xi1
熄,xī,xi1
膝,xī,xi1
栖,xī,xi1
郗,xī,xi1
犀,xī,xi1
曦,xī,xi1
奚,xī,xi1
羲,xī,xi1
唏,xī,xi1
蹊,xī,xi1
淅,xī,xi1
皙,xī,xi1
汐,xī,xi1
嬉,xī,xi1
茜,xī,xi1
熹,xī,xi1
烯,xī,xi1
翕,xī,xi1
蟋,xī,xi1
歙,xī,xi1
浠,xī,xi1
僖,xī,xi1
穸,xī,xi1
蜥,xī,xi1
螅,xī,xi1
菥,xī,xi1
舾,xī,xi1
矽,xī,xi1
粞,xī,xi1
硒,xī,xi1
醯,xī,xi1
欷,xī,xi1
鼷,xī,xi1
席,xí,xi2
习,xí,xi2
袭,xí,xi2
媳,xí,xi2
檄,xí,xi2
隰,xí,xi2
觋,xí,xi2
喜,xǐ,xi3
洗,xiǎn,xi3
禧,xǐ,xi3
徙,xǐ,xi3
玺,xǐ,xi3
屣,xǐ,xi3
葸,xǐ,xi3
蓰,xǐ,xi3
铣,xiǎn,xi3
系,xì,xi4
细,xì,xi4
戏,xì,xi4
隙,xì,xi4
饩,xì,xi4
阋,xì,xi4
禊,xì,xi4
舄,xì,xi4
瞎,xiā,xia1
虾,xiā,xia1
呷,xiā,xia1
峡,xiá,xia2
侠,xiá,xia2
狭,xiá,xia2
霞,xiá,xia2
暇,xiá,xia2
辖,xiá,xia2
遐,xiá,xia2
匣,xiá,xia2
黠,xiá,xia2
瑕,xiá,xia2
狎,xiá,xia2
硖,xiá,xia2
瘕,xiá,xia2
柙,xiá,xia2
下,xià,xia4
夏,xià,xia4
吓,xià,xia4
厦,xià,xia4
唬,xià,xia4
罅,xià,xia4
先,xiān,xian1
鲜,xiān,xian1
仙,xiān,xian1
掀,xiān,xian1
纤,xiān,xian1
暹,xiān,xian1
莶,xiān,xian1
锨,xiān,xian1
氙,xiān,xian1
祆,xiān,xian1
籼,xiān,xian1
酰,xiān,xian1
跹,xiān,xian1
闲,xián,xian2
贤,xián,xian2
嫌,xián,xian2
咸,xián,xian2
弦,xián,xian2
娴,xián,xian2
衔,xián,xian2
涎,xián,xian2
舷,xián,xian2
鹇,xián,xian2
痫,xián,xian2
显,xiǎn,xian3
险,xiǎn,xian3
鲜,xiān,xian3
洗,xiǎn,xian3
跣,xiǎn,xian3
猃,xiǎn,xian3
藓,xiǎn,xian3
铣,xiǎn,xian3
燹,xiǎn,xian3
蚬,xiǎn,xian3
筅,xiǎn,xian3
冼,xiǎn,xian3
现,xiàn,xian4
见,jiàn,xian4
线,xiàn,xian4
限,xiàn,xian4
县,xiàn,xian4
献,xiàn,xian4
宪,xiàn,xian4
陷,xiàn,xian4
羡,xiàn,xian4
馅,xiàn,xian4
腺,xiàn,xian4
岘,xiàn,xian4
苋,xiàn,xian4
霰,xiàn,xian4
相,xiàng,xiang1
香,xiāng,xiang1
乡,xiāng,xiang1
箱,xiāng,xiang1
厢,xiāng,xiang1
湘,xiāng,xiang1
镶,xiāng,xiang1
襄,xiāng,xiang1
骧,xiāng,xiang1
葙,xiāng,xiang1
芗,xiāng,xiang1
缃,xiāng,xiang1
降,xiáng,xiang2
详,xiáng,xiang2
祥,xiáng,xiang2
翔,xiáng,xiang2
庠,xiáng,xiang2
想,xiǎng,xiang3
响,xiǎng,xiang3
享,xiǎng,xiang3
飨,xiǎng,xiang3
饷,xiǎng,xiang3
鲞,xiǎng,xiang3
相,xiàng,xiang4
向,xiàng,xiang4
象,xiàng,xiang4
像,xiàng,xiang4
项,xiàng,xiang4
巷,xiàng,xiang4
橡,xiàng,xiang4
蟓,xiàng,xiang4
消,xiāo,xiao1
销,xiāo,xiao1
潇,xiāo,xiao1
肖,xiào,xiao1
萧,xiāo,xiao1
宵,xiāo,xiao1
削,xuē,xiao1
嚣,xiāo,xiao1
逍,xiāo,xiao1
硝,xiāo,xiao1
霄,xiāo,xiao1
哮,xiāo,xiao1
枭,xiāo,xiao1
骁,xiāo,xiao1
箫,xiāo,xiao1
枵,xiāo,xiao1
哓,xiāo,xiao1
蛸,xiāo,xiao1
绡,xiāo,xiao1
魈,xiāo,xiao1
淆,xiáo,xiao2
崤,xiáo,xiao2
小,xiǎo,xiao3
晓,xiǎo,xiao3
筱,xiǎo,xiao3
笑,xiào,xiao4
校,xiào,xiao4
效,xiào,xiao4
肖,xiào,xiao4
孝,xiào,xiao4
啸,xiào,xiao4
些,xiē,xie1
歇,xiē,xie1
楔,xiē,xie1
蝎,xiē,xie1
叶,yè,xie2
协,xié,xie2
鞋,xié,xie2
携,xié,xie2
斜,xié,xie2
胁,xié,xie2
谐,xié,xie2
邪,yé,xie2
挟,xié,xie2
偕,xié,xie2
撷,xié,xie2
勰,xié,xie2
颉,xié,xie2
缬,xié,xie2
写,xiě,xie3
血,xuè,xie3
写,xiě,xie4
解,jiě,xie4
谢,xiè,xie4
泄,xiè,xie4
契,xiè,xie4
械,xiè,xie4
屑,xiè,xie4
卸,xiè,xie4
懈,xiè,xie4
泻,xiè,xie4
亵,xiè,xie4
蟹,xiè,xie4
邂,xiè,xie4
榭,xiè,xie4
瀣,xiè,xie4
薤,xiè,xie4
燮,xiè,xie4
躞,xiè,xie4
廨,xiè,xie4
绁,xiè,xie4
渫,xiè,xie4
榍,xiè,xie4
獬,xiè,xie4
心,xīn,xin1
新,xīn,xin1
欣,xīn,xin1
辛,xīn,xin1
薪,xīn,xin1
馨,xīn,xin1
鑫,xīn,xin1
芯,xìn,xin1
昕,xīn,xin1
忻,xīn,xin1
歆,xīn,xin1
锌,xīn,xin1
寻,xún,xin2
镡,xín,xin2
信,xìn,xin4
芯,xìn,xin4
衅,xìn,xin4
囟,xìn,xin4
兴,xìng,xing1
星,xīng,xing1
腥,xīng,xing1
惺,xīng,xing1
猩,xīng,xing1
行,xíng,xing2
形,xíng,xing2
型,xíng,xing2
刑,xíng,xing2
邢,xíng,xing2
陉,xíng,xing2
荥,yíng,xing2
饧,xíng,xing2
硎,xíng,xing2
省,shěng,xing3
醒,xǐng,xing3
擤,xǐng,xing3
性,xìng,xing4
兴,xìng,xing4
姓,xìng,xing4
幸,xìng,xing4
杏,xìng,xing4
悻,xìng,xing4
荇,xìng,xing4
兄,xiōng,xiong1
胸,xiōng,xiong1
凶,xiōng,xiong1
匈,xiōng,xiong1
汹,xiōng,xiong1
芎,xiōng,xiong1
雄,xióng,xiong2
熊,xióng,xiong2
修,xīu,xiu1
休,xīu,xiu1
羞,xīu,xiu1
咻,xīu,xiu1
馐,xīu,xiu1
庥,xīu,xiu1
鸺,xīu,xiu1
貅,xīu,xiu1
髹,xīu,xiu1
宿,sù,xiu3
朽,xǐu,xiu3
秀,xìu,xiu4
袖,xìu,xiu4
宿,sù,xiu4
臭,chòu,xiu4
绣,xìu,xiu4
锈,xìu,xiu4
嗅,xìu,xiu4
岫,xìu,xiu4
溴,xìu,xiu4
需,xū,xu1
须,xū,xu1
虚,xū,xu1
吁,yù,xu1
嘘,xū,xu1
墟,xū,xu1
戌,xū,xu1
胥,xū,xu1
砉,xū,xu1
圩,xū,xu1
盱,xū,xu1
顼,xū,xu1
徐,xú,xu2
许,xǔ,xu3
浒,hǔ,xu3
栩,xǔ,xu3
诩,xǔ,xu3
糈,xǔ,xu3
醑,xǔ,xu3
续,xù,xu4
序,xù,xu4
绪,xù,xu4
蓄,xù,xu4
叙,xù,xu4
畜,chù,xu4
恤,xù,xu4
絮,xù,xu4
旭,xù,xu4
婿,xù,xu4
酗,xù,xu4
煦,xù,xu4
洫,xù,xu4
溆,xù,xu4
勖,xù,xu4
蓿,xu,xu5
宣,xuān,xuan1
喧,xuān,xuan1
轩,xuān,xuan1
萱,xuān,xuan1
暄,xuān,xuan1
谖,xuān,xuan1
揎,xuān,xuan1
儇,xuān,xuan1
煊,xuān,xuan1
旋,xuàn,xuan2
悬,xuán,xuan2
玄,xuán,xuan2
漩,xuán,xuan2
璇,xuán,xuan2
痃,xuán,xuan2
选,xuǎn,xuan3
癣,xuǎn,xuan3
旋,xuàn,xuan4
券,xuàn,xuan4
炫,xuàn,xuan4
渲,xuàn,xuan4
绚,xuàn,xuan4
眩,xuàn,xuan4
铉,xuàn,xuan4
泫,xuàn,xuan4
碹,xuàn,xuan4
楦,xuàn,xuan4
镟,xuàn,xuan4
削,xuē,xue1
靴,xuē,xue1
薛,xuē,xue1
学,xué,xue2
穴,xué,xue2
噱,xué,xue2
踅,xué,xue2
泶,xué,xue2
雪,xuě,xue3
鳕,xuě,xue3
血,xuè,xue4
谑,xuè,xue4
熏,xùn,xun1
勋,xūn,xun1
荤,xūn,xun1
醺,xūn,xun1
薰,xūn,xun1
埙,xūn,xun1
曛,xūn,xun1
窨,yìn,xun1
獯,xūn,xun1
寻,xún,xun2
询,xún,xun2
巡,xún,xun2
循,xún,xun2
旬,xún,xun2
驯,xún,xun2
荀,xún,xun2
峋,xún,xun2
洵,xún,xun2
恂,xún,xun2
郇,xún,xun2
浔,xún,xun2
鲟,xún,xun2
训,xùn,xun4
迅,xùn,xun4
讯,xùn,xun4
逊,xùn,xun4
熏,xùn,xun4
殉,xùn,xun4
巽,xùn,xun4
徇,xùn,xun4
汛,xùn,xun4
蕈,xùn,xun4
浚,xùn,xun4
压,yà,ya1
雅,yǎ,ya1
呀,ya,ya1
押,yā,ya1
鸦,yā,ya1
哑,yā,ya1
鸭,yā,ya1
丫,yā,ya1
垭,yā,ya1
桠,yā,ya1
牙,yá,ya2
涯,yá,ya2
崖,yá,ya2
芽,yá,ya2
衙,yá,ya2
睚,yá,ya2
伢,yá,ya2
岈,yá,ya2
琊,yá,ya2
蚜,yá,ya2
雅,yǎ,ya3
瞧,yǎ,ya3
匹,yǎ,ya3
痖,yǎ,ya3
疋,yǎ,ya3
亚,yà,ya4
压,yà,ya4
讶,yà,ya4
轧,zhá,ya4
娅,yà,ya4
迓,yà,ya4
揠,yà,ya4
氩,yà,ya4
砑,yà,ya4
呀,ya,ya5
烟,yīn,yan1
燕,yàn,yan1
咽,yè,yan1
殷,yǐn,yan1
焉,yān,yan1
淹,yān,yan1
阉,yān,yan1
腌,yān,yan1
嫣,yān,yan1
胭,yān,yan1
湮,yīn,yan1
阏,yān,yan1
鄢,yān,yan1
菸,yān,yan1
崦,yān,yan1
恹,yān,yan1
言,yán,yan2
严,yán,yan2
研,yàn,yan2
延,yán,yan2
沿,yàn,yan2
颜,yán,yan2
炎,yán,yan2
阎,yán,yan2
盐,yán,yan2
岩,yán,yan2
铅,qiān,yan2
蜒,yán,yan2
檐,yán,yan2
妍,yán,yan2
筵,yán,yan2
芫,yuán,yan2
闫,yán,yan2
阽,yán,yan2
眼,yǎn,yan3
演,yǎn,yan3
掩,yǎn,yan3
衍,yǎn,yan3
奄,yǎn,yan3
俨,yǎn,yan3
偃,yǎn,yan3
魇,yǎn,yan3
鼹,yǎn,yan3
兖,yǎn,yan3
郾,yǎn,yan3
琰,yǎn,yan3
罨,yǎn,yan3
厣,yǎn,yan3
剡,yǎn,yan3
鼽,yǎn,yan3
研,yàn,yan4
验,yàn,yan4
沿,yàn,yan4
厌,yàn,yan4
燕,yàn,yan4
宴,yàn,yan4
咽,yè,yan4
雁,yàn,yan4
焰,yàn,yan4
艳,yàn,yan4
谚,yàn,yan4
彦,yàn,yan4
焱,yàn,yan4
晏,yàn,yan4
唁,yàn,yan4
砚,yàn,yan4
堰,yàn,yan4
赝,yàn,yan4
餍,yàn,yan4
滟,yàn,yan4
酽,yàn,yan4
谳,yàn,yan4
央,yāng,yang1
泱,yāng,yang1
秧,yāng,yang1
鸯,yāng,yang1
殃,yāng,yang1
鞅,yàng,yang1
洋,yáng,yang2
阳,yáng,yang2
杨,yáng,yang2
扬,yáng,yang2
羊,yáng,yang2
疡,yáng,yang2
佯,yáng,yang2
烊,yàng,yang2
徉,yáng,yang2
炀,yáng,yang2
蛘,yáng,yang2
养,yǎng,yang3
仰,yǎng,yang3
痒,yǎng,yang3
氧,yǎng,yang3
样,yàng,yang4
漾,yàng,yang4
恙,yàng,yang4
烊,yàng,yang4
怏,yàng,yang4
鞅,yàng,yang4
要,yào,yao1
约,yuē,yao1
邀,yāo,yao1
腰,yāo,yao1
夭,yāo,yao1
妖,yāo,yao1
吆,yāo,yao1
幺,yāo,yao1
摇,yáo,yao2
遥,yáo,yao2
姚,yáo,yao2
陶,yáo,yao2
尧,yáo,yao2
谣,yáo,yao2
瑶,yáo,yao2
窑,yáo,yao2
肴,yáo,yao2
侥,yáo,yao2
铫,yáo,yao2
珧,yáo,yao2
轺,yáo,yao2
爻,yáo,yao2
徭,yáo,yao2
繇,zhòu,yao2
鳐,yáo,yao2
咬,yǎo,yao3
杳,yǎo,yao3
窈,yǎo,yao3
舀,yǎo,yao3
崾,yǎo,yao3
要,yào,yao4
药,yào,yao4
耀,yào,yao4
钥,yuè,yao4
鹞,yào,yao4
曜,yào,yao4
疟,yào,yao4
耶,yé,ye1
噎,yē,ye1
椰,yē,ye1
掖,yè,ye1
爷,yé,ye2
耶,yé,ye2
邪,yé,ye2
揶,yé,ye2
铘,yé,ye2
也,yě,ye3
野,yě,ye3
冶,yě,ye3
业,yè,ye4
夜,yè,ye4
叶,yè,ye4
页,yè,ye4
液,yè,ye4
咽,yè,ye4
哗,yè,ye4
曳,zhuài,ye4
拽,zhuài,ye4
烨,yè,ye4
掖,yè,ye4
腋,yè,ye4
谒,yè,ye4
邺,yè,ye4
靥,yè,ye4
晔,yè,ye4
一,yī,yi1
医,yī,yi1
衣,yī,yi1
依,yī,yi1
椅,yǐ,yi1
伊,yī,yi1
漪,yī,yi1
咿,yī,yi1
揖,yī,yi1
噫,yì,yi1
猗,yī,yi1
壹,yī,yi1
铱,yī,yi1
欹,yī,yi1
黟,yī,yi1
移,yí,yi2
疑,yí,yi2
遗,yí,yi2
宜,yí,yi2
仪,yí,yi2
蛇,yí,yi2
姨,yí,yi2
夷,yí,yi2
怡,yí,yi2
颐,yí,yi2
彝,yí,yi2
咦,yí,yi2
贻,yí,yi2
迤,yǐ,yi2
痍,yí,yi2
胰,yí,yi2
沂,yí,yi2
饴,yí,yi2
圯,yí,yi2
荑,yí,yi2
诒,yí,yi2
眙,yí,yi2
嶷,yí,yi2
以,yǐ,yi3
已,yǐ,yi3
衣,yī,yi3
尾,yǐ,yi3
椅,yǐ,yi3
矣,yǐ,yi3
乙,yǐ,yi3
蚁,yǐ,yi3
倚,yǐ,yi3
迤,yǐ,yi3
蛾,yǐ,yi3
旖,yǐ,yi3
苡,yǐ,yi3
钇,yǐ,yi3
舣,yǐ,yi3
酏,yǐ,yi3
意,yì,yi4
义,yì,yi4
议,yì,yi4
易,yì,yi4
衣,yī,yi4
艺,yì,yi4
译,yì,yi4
异,yì,yi4
益,yì,yi4
亦,yì,yi4
亿,yì,yi4
忆,yì,yi4
谊,yì,yi4
抑,yì,yi4
翼,yì,yi4
役,yì,yi4
艾,yì,yi4
溢,yì,yi4
毅,yì,yi4
裔,yì,yi4
逸,yì,yi4
轶,yì,yi4
弈,yì,yi4
翌,yì,yi4
疫,yì,yi4
绎,yì,yi4
佚,yì,yi4
奕,yì,yi4
熠,yì,yi4
诣,yì,yi4
弋,yì,yi4
驿,yì,yi4
懿,yì,yi4
呓,yì,yi4
屹,yì,yi4
薏,yì,yi4
噫,yì,yi4
镒,yì,yi4
缢,yì,yi4
邑,yì,yi4
臆,yì,yi4
刈,yì,yi4
羿,yì,yi4
仡,yì,yi4
峄,yì,yi4
怿,yì,yi4
悒,yì,yi4
肄,yì,yi4
佾,yì,yi4
殪,yì,yi4
挹,yì,yi4
埸,yì,yi4
劓,yì,yi4
镱,yì,yi4
瘗,yì,yi4
癔,yì,yi4
翊,yì,yi4
蜴,yì,yi4
嗌,yì,yi4
翳,yì,yi4
因,yīn,yin1
音,yīn,yin1
烟,yīn,yin1
阴,yīn,yin1
姻,yīn,yin1
殷,yǐn,yin1
茵,yīn,yin1
荫,yìn,yin1
喑,yīn,yin1
湮,yīn,yin1
氤,yīn,yin1
堙,yīn,yin1
洇,yīn,yin1
铟,yīn,yin1
银,yín,yin2
吟,yín,yin2
寅,yín,yin2
淫,yín,yin2
垠,yín,yin2
鄞,yín,yin2
霪,yín,yin2
狺,yín,yin2
夤,yín,yin2
圻,yín,yin2
龈,yín,yin2
引,yǐn,yin3
隐,yǐn,yin3
饮,yìn,yin3
瘾,yǐn,yin3
殷,yǐn,yin3
尹,yǐn,yin3
蚓,yǐn,yin3
吲,yǐn,yin3
印,yìn,yin4
饮,yìn,yin4
荫,yìn,yin4
胤,yìn,yin4
茚,yìn,yin4
窨,yìn,yin4
应,yìng,ying1
英,yīng,ying1
鹰,yīng,ying1
婴,yīng,ying1
樱,yīng,ying1
膺,yīng,ying1
莺,yīng,ying1
罂,yīng,ying1
鹦,yīng,ying1
缨,yīng,ying1
瑛,yīng,ying1
璎,yīng,ying1
撄,yīng,ying1
嘤,yīng,ying1
营,yíng,ying2
迎,yíng,ying2
赢,yíng,ying2
盈,yíng,ying2
蝇,yíng,ying2
莹,yíng,ying2
荧,yíng,ying2
萤,yíng,ying2
萦,yíng,ying2
瀛,yíng,ying2
楹,yíng,ying2
嬴,yíng,ying2
茔,yíng,ying2
滢,yíng,ying2
潆,yíng,ying2
荥,yíng,ying2
蓥,yíng,ying2
影,yǐng,ying3
颖,yǐng,ying3
颍,yǐng,ying3
瘿,yǐng,ying3
郢,yǐng,ying3
应,yìng,ying4
硬,yìng,ying4
映,yìng,ying4
媵,yìng,ying4
育,yù,yo1
哟,yo,yo1
唷,yō,yo1
哟,yo,yo5
拥,yōng,yong1
庸,yōng,yong1
佣,yòng,yong1
雍,yōng,yong1
臃,yōng,yong1
邕,yōng,yong1
镛,yōng,yong1
墉,yōng,yong1
慵,yōng,yong1
痈,yōng,yong1
壅,yōng,yong1
鳙,yōng,yong1
饔,yōng,yong1
喁,yóng,yong2
永,yǒng,yong3
勇,yǒng,yong3
涌,yǒng,yong3
踊,yǒng,yong3
泳,yǒng,yong3
咏,yǒng,yong3
俑,yǒng,yong3
恿,yǒng,yong3
甬,yǒng,yong3
蛹,yǒng,yong3
用,yòng,yong4
佣,yòng,yong4
优,yōu,you1
幽,yōu,you1
忧,yōu,you1
悠,yōu,you1
攸,yōu,you1
呦,yōu,you1
由,yóu,you2
游,yóu,you2
油,yóu,you2
邮,yóu,you2
尤,yóu,you2
犹,yóu,you2
柚,yòu,you2
鱿,yóu,you2
莸,yóu,you2
尢,yóu,you2
铀,yóu,you2
猷,yóu,you2
疣,yóu,you2
蚰,yóu,you2
蝣,yóu,you2
蝤,yóu,you2
繇,zhòu,you2
莜,yóu,you2
有,yòu,you3
友,yǒu,you3
黝,yǒu,you3
酉,yǒu,you3
莠,yǒu,you3
牖,yǒu,you3
铕,yǒu,you3
卣,yǒu,you3
有,yòu,you4
又,yòu,you4
右,yòu,you4
幼,yòu,you4
诱,yòu,you4
佑,yòu,you4
柚,yòu,you4
囿,yòu,you4
鼬,yòu,you4
宥,yòu,you4
侑,yòu,you4
蚴,yòu,you4
釉,yòu,you4
於,yū,yu1
吁,yù,yu1
迂,yū,yu1
淤,yū,yu1
纡,yū,yu1
瘀,yū,yu1
于,yú,yu2
与,yù,yu2
余,yú,yu2
予,yǔ,yu2
鱼,yú,yu2
愚,yú,yu2
舆,yú,yu2
娱,yú,yu2
愉,yú,yu2
馀,yú,yu2
逾,yú,yu2
渔,yú,yu2
渝,yú,yu2
俞,yú,yu2
萸,yú,yu2
瑜,yú,yu2
隅,yú,yu2
揄,yú,yu2
榆,yú,yu2
虞,yú,yu2
禺,yú,yu2
谀,yú,yu2
腴,yú,yu2
竽,yú,yu2
妤,yú,yu2
臾,yú,yu2
欤,yú,yu2
觎,yú,yu2
盂,yú,yu2
窬,yú,yu2
蝓,yú,yu2
嵛,yú,yu2
狳,yú,yu2
舁,yú,yu2
雩,yú,yu2
与,yù,yu3
语,yù,yu3
雨,yù,yu3
予,yǔ,yu3
宇,yǔ,yu3
羽,yǔ,yu3
禹,yǔ,yu3
圄,yǔ,yu3
屿,yǔ,yu3
龉,yǔ,yu3
伛,yǔ,yu3
圉,yǔ,yu3
庾,yǔ,yu3
瘐,yǔ,yu3
窳,yǔ,yu3
俣,yǔ,yu3
与,yù,yu4
语,yù,yu4
育,yù,yu4
遇,yù,yu4
狱,yù,yu4
雨,yù,yu4
欲,yù,yu4
预,yù,yu4
玉,yù,yu4
愈,yù,yu4
谷,yù,yu4
域,yù,yu4
誉,yù,yu4
吁,yù,yu4
蔚,yù,yu4
寓,yù,yu4
豫,yù,yu4
粥,zhōu,yu4
郁,yù,yu4
喻,yù,yu4
裕,yù,yu4
浴,yù,yu4
御,yù,yu4
驭,yù,yu4
尉,yù,yu4
谕,yù,yu4
毓,yù,yu4
妪,yù,yu4
峪,yù,yu4
芋,yù,yu4
昱,yù,yu4
煜,yù,yu4
熨,yùn,yu4
燠,yù,yu4
菀,yù,yu4
蓣,yù,yu4
饫,yù,yu4
阈,yù,yu4
鬻,yù,yu4
聿,yù,yu4
钰,yù,yu4
鹆,yù,yu4
鹬,yù,yu4
蜮,yù,yu4
冤,yuān,yuan1
渊,yuān,yuan1
鸳,yuān,yuan1
眢,yuān,yuan1
鸢,yuān,yuan1
箢,yuān,yuan1
员,yùn,yuan2
元,yuán,yuan2
原,yuán,yuan2
园,yuán,yuan2
源,yuán,yuan2
圆,yuán,yuan2
缘,yuán,yuan2
援,yuán,yuan2
袁,yuán,yuan2
猿,yuán,yuan2
垣,yuán,yuan2
辕,yuán,yuan2
沅,yuán,yuan2
媛,yuàn,yuan2
芫,yuán,yuan2
橼,yuán,yuan2
圜,yuán,yuan2
塬,yuán,yuan2
爰,yuán,yuan2
螈,yuán,yuan2
鼋,yuán,yuan2
远,yuǎn,yuan3
院,yuàn,yuan4
愿,yuàn,yuan4
怨,yuàn,yuan4
苑,yuàn,yuan4
媛,yuàn,yuan4
掾,yuàn,yuan4
垸,yuàn,yuan4
瑗,yuàn,yuan4
约,yuē,yue1
曰,yuē,yue1
说,yuè,yue4
月,yuè,yue4
乐,yuè,yue4
越,yuè,yue4
阅,yuè,yue4
跃,yuè,yue4
悦,yuè,yue4
岳,yuè,yue4
粤,yuè,yue4
钥,yuè,yue4
刖,yuè,yue4
瀹,yuè,yue4
栎,yuè,yue4
樾,yuè,yue4
龠,yuè,yue4
钺,yuè,yue4
晕,yùn,yun1
氲,yūn,yun1
员,yùn,yun2
云,yún,yun2
匀,yún,yun2
筠,yún,yun2
芸,yún,yun2
耘,yún,yun2
纭,yún,yun2
昀,yún,yun2
郧,yún,yun2
允,yǔn,yun3
陨,yǔn,yun3
殒,yǔn,yun3
狁,yǔn,yun3
员,yùn,yun4
运,yùn,yun4
均,yùn,yun4
韵,yùn,yun4
晕,yùn,yun4
孕,yùn,yun4
蕴,yùn,yun4
酝,yùn,yun4
愠,yùn,yun4
熨,yùn,yun4
郓,yùn,yun4
韫,yùn,yun4
恽,yùn,yun4
扎,zhá,za1
咂,zā,za1
匝,zā,za1
拶,zǎn,za1
杂,zá,za2
咱,zan,za2
砸,zá,za2
咋,zhà,za3
灾,zāi,zai1
哉,zāi,zai1
栽,zāi,zai1
甾,zāi,zai1
载,zài,zai3
仔,zǐ,zai3
宰,zǎi,zai3
崽,zǎi,zai3
在,zài,zai4
再,zài,zai4
载,zài,zai4
簪,zān,zan1
糌,zān,zan1
咱,zan,zan2
攒,zǎn,zan3
拶,zǎn,zan3
昝,zǎn,zan3
趱,zǎn,zan3
赞,zàn,zan4
暂,zàn,zan4
瓒,zàn,zan4
錾,zàn,zan4
咱,zan,zan5
赃,zāng,zang1
臧,zāng,zang1
锗,zhě,zang1
驵,zǎng,zang3
藏,zàng,zang4
脏,zàng,zang4
葬,zàng,zang4
奘,zhuǎng,zang4
遭,zāo,zao1
糟,zāo,zao1
凿,zuò,zao2
早,zǎo,zao3
澡,zǎo,zao3
枣,zǎo,zao3
蚤,zǎo,zao3
藻,zǎo,zao3
缲,zǎo,zao3
造,zào,zao4
灶,zào,zao4
躁,zào,zao4
噪,zào,zao4
皂,zào,zao4
燥,zào,zao4
唣,zào,zao4
则,zé,ze2
责,zé,ze2
泽,zé,ze2
择,zhái,ze2
咋,zhà,ze2
啧,zé,ze2
迮,zé,ze2
帻,zé,ze2
赜,zé,ze2
笮,zuó,ze2
箦,zé,ze2
舴,zé,ze2
侧,cè,ze4
仄,zè,ze4
昃,zè,ze4
贼,zéi,zei2
怎,zěn,zen3
谮,zèn,zen4
曾,céng,zeng1
增,zēng,zeng1
憎,zēng,zeng1
缯,zèng,zeng1
罾,zēng,zeng1
赠,zèng,zeng4
综,zōng,zeng4
缯,zèng,zeng4
甑,zèng,zeng4
锃,zèng,zeng4
查,chá,zha1
扎,zhá,zha1
咋,zhà,zha1
渣,zhā,zha1
喳,zhā,zha1
揸,zhā,zha1
楂,zhā,zha1
哳,zhā,zha1
吒,zhà,zha1
齄,zhā,zha1
炸,zhà,zha2
扎,zhá,zha2
札,zhá,zha2
喋,zhá,zha2
轧,zhá,zha2
闸,zhá,zha2
铡,zhá,zha2
眨,zhǎ,zha3
砟,zhǎ,zha3
炸,zhà,zha4
咋,zhà,zha4
诈,zhà,zha4
乍,zhà,zha4
蜡,zhà,zha4
栅,zhà,zha4
榨,zhà,zha4
柞,zuò,zha4
吒,zhà,zha4
咤,zhà,zha4
痄,zhà,zha4
蚱,zhà,zha4
摘,zhāi,zhai1
侧,cè,zhai1
斋,zhāi,zhai1
择,zhái,zhai2
宅,zhái,zhai2
翟,zhái,zhai2
窄,zhǎi,zhai3
债,zhài,zhai4
祭,jì,zhai4
寨,zhài,zhai4
砦,zhài,zhai4
瘵,zhài,zhai4
占,zhàn,zhan1
沾,zhān,zhan1
粘,zhān,zhan1
瞻,zhān,zhan1
詹,zhān,zhan1
毡,zhān,zhan1
谵,zhān,zhan1
旃,zhān,zhan1
展,zhǎn,zhan3
斩,zhǎn,zhan3
辗,zhǎn,zhan3
盏,zhǎn,zhan3
崭,zhǎn,zhan3
搌,zhǎn,zhan3
战,zhàn,zhan4
站,zhàn,zhan4
占,zhàn,zhan4
颤,chàn,zhan4
绽,zhàn,zhan4
湛,zhàn,zhan4
蘸,zhàn,zhan4
栈,zhàn,zhan4
张,zhāng,zhang1
章,zhāng,zhang1
彰,zhāng,zhang1
璋,zhāng,zhang1
蟑,zhāng,zhang1
樟,zhāng,zhang1
漳,zhāng,zhang1
嫜,zhāng,zhang1
鄣,zhāng,zhang1
獐,zhāng,zhang1
长,zhǎng,zhang3
掌,zhǎng,zhang3
涨,zhàng,zhang3
仉,zhǎng,zhang3
丈,zhàng,zhang4
涨,zhàng,zhang4
帐,zhàng,zhang4
障,zhàng,zhang4
账,zhàng,zhang4
胀,zhàng,zhang4
仗,zhàng,zhang4
杖,zhàng,zhang4
瘴,zhàng,zhang4
嶂,zhàng,zhang4
幛,zhàng,zhang4
着,zhuó,zhao1
招,zhāo,zhao1
朝,zhāo,zhao1
嘲,zhāo,zhao1
昭,zhāo,zhao1
钊,zhāo,zhao1
啁,zhōu,zhao1
着,zhuó,zhao2
找,zhǎo,zhao3
爪,zhuǎ,zhao3
沼,zhǎo,zhao3
照,zhào,zhao4
赵,zhào,zhao4
召,zhào,zhao4
罩,zhào,zhao4
兆,zhào,zhao4
肇,zhào,zhao4
诏,zhào,zhao4
棹,zhào,zhao4
笊,zhào,zhao4
折,zhé,zhe1
遮,zhē,zhe1
蜇,zhé,zhe1
折,zhé,zhe2
哲,zhé,zhe2
辙,zhé,zhe2
辄,zhé,zhe2
谪,zhé,zhe2
蛰,zhé,zhe2
摺,zhé,zhe2
磔,zhé,zhe2
蜇,zhé,zhe2
者,zhě,zhe3
褶,zhě,zhe3
锗,zhě,zhe3
赭,zhě,zhe3
这,zhè,zhe4
浙,zhè,zhe4
蔗,zhè,zhe4
鹧,zhè,zhe4
柘,zhè,zhe4
着,zhuó,zhe5
这,zhè,zhei4
真,zhēn,zhen1
针,zhēn,zhen1
珍,zhēn,zhen1
斟,zhēn,zhen1
贞,zhēn,zhen1
侦,zhēn,zhen1
甄,zhēn,zhen1
臻,zhēn,zhen1
箴,zhēn,zhen1
砧,zhēn,zhen1
桢,zhēn,zhen1
溱,zhēn,zhen1
蓁,zhēn,zhen1
椹,zhēn,zhen1
榛,zhēn,zhen1
胗,zhēn,zhen1
祯,zhēn,zhen1
浈,zhēn,zhen1
诊,zhěn,zhen3
枕,zhěn,zhen3
疹,zhěn,zhen3
缜,zhěn,zhen3
畛,zhěn,zhen3
轸,zhěn,zhen3
稹,zhěn,zhen3
阵,zhèn,zhen4
镇,zhèn,zhen4
震,zhèn,zhen4
圳,zhèn,zhen4
振,zhèn,zhen4
赈,zhèn,zhen4
朕,zhèn,zhen4
鸩,zhèn,zhen4
正,zhèng,zheng1
争,zhēng,zheng1
征,zhēng,zheng1
丁,dīng,zheng1
挣,zhèng,zheng1
症,zhèng,zheng1
睁,zhēng,zheng1
徵,zhǐ,zheng1
蒸,zhēng,zheng1
怔,zhèng,zheng1
筝,zhēng,zheng1
铮,zhèng,zheng1
峥,zhēng,zheng1
狰,zhēng,zheng1
钲,zhēng,zheng1
鲭,zhēng,zheng1
整,zhěng,zheng3
拯,zhěng,zheng3
政,zhèng,zheng4
正,zhèng,zheng4
证,zhèng,zheng4
挣,zhèng,zheng4
郑,zhèng,zheng4
症,zhèng,zheng4
怔,zhèng,zheng4
铮,zhèng,zheng4
诤,zhèng,zheng4
帧,zhèng,zheng4
之,zhī,zhi1
只,zhǐ,zhi1
知,zhì,zhi1
指,zhǐ,zhi1
支,zhī,zhi1
织,zhī,zhi1
氏,zhī,zhi1
枝,zhī,zhi1
汁,zhī,zhi1
掷,zhì,zhi1
芝,zhī,zhi1
吱,zī,zhi1
肢,zhī,zhi1
脂,zhī,zhi1
蜘,zhī,zhi1
栀,zhī,zhi1
卮,zhī,zhi1
胝,zhī,zhi1
祗,zhī,zhi1
直,zhí,zhi2
指,zhǐ,zhi2
职,zhí,zhi2
值,zhí,zhi2
执,zhí,zhi2
植,zhí,zhi2
殖,zhí,zhi2
侄,zhí,zhi2
踯,zhí,zhi2
摭,zhí,zhi2
絷,zhí,zhi2
跖,zhí,zhi2
埴,zhí,zhi2
只,zhǐ,zhi3
指,zhǐ,zhi3
纸,zhǐ,zhi3
止,zhǐ,zhi3
址,zhǐ,zhi3
旨,zhǐ,zhi3
徵,zhǐ,zhi3
趾,zhǐ,zhi3
咫,zhǐ,zhi3
芷,zhǐ,zhi3
枳,zhǐ,zhi3
祉,zhǐ,zhi3
轵,zhǐ,zhi3
黹,zhǐ,zhi3
酯,zhǐ,zhi3
知,zhì,zhi4
至,zhì,zhi4
制,zhì,zhi4
识,shí,zhi4
治,zhì,zhi4
志,zhì,zhi4
致,zhì,zhi4
质,zhì,zhi4
智,zhì,zhi4
置,zhì,zhi4
秩,zhì,zhi4
滞,zhì,zhi4
帜,zhì,zhi4
稚,zhì,zhi4
挚,zhì,zhi4
掷,zhì,zhi4
峙,zhì,zhi4
窒,zhì,zhi4
炙,zhì,zhi4
痔,zhì,zhi4
栉,zhì,zhi4
桎,zhì,zhi4
帙,zhì,zhi4
轾,zhì,zhi4
贽,zhì,zhi4
痣,zhì,zhi4
豸,zhì,zhi4
陟,zhì,zhi4
忮,zhì,zhi4
彘,zhì,zhi4
膣,zhì,zhi4
雉,zhì,zhi4
鸷,zhì,zhi4
骘,zhì,zhi4
蛭,zhì,zhi4
踬,zhì,zhi4
郅,zhì,zhi4
觯,zhì,zhi4
中,zhōng,zhong1
终,zhōng,zhong1
钟,zhōng,zhong1
忠,zhōng,zhong1
衷,zhōng,zhong1
锺,zhōng,zhong1
盅,zhōng,zhong1
忪,zhōng,zhong1
螽,zhōng,zhong1
舯,zhōng,zhong1
种,zhòng,zhong3
肿,zhǒng,zhong3
踵,zhǒng,zhong3
冢,zhǒng,zhong3
中,zhōng,zhong4
种,zhòng,zhong4
重,zhòng,zhong4
众,zhòng,zhong4
仲,zhòng,zhong4
周,zhōu,zhou1
州,zhōu,zhou1
洲,zhōu,zhou1
粥,zhōu,zhou1
舟,zhōu,zhou1
诌,zhōu,zhou1
啁,zhōu,zhou1
轴,zhòu,zhou2
妯,zhóu,zhou2
碡,zhóu,zhou2
肘,zhǒu,zhou3
帚,zhǒu,zhou3
皱,zhòu,zhou4
骤,zhòu,zhou4
轴,zhòu,zhou4
宙,zhòu,zhou4
咒,zhòu,zhou4
昼,zhòu,zhou4
胄,zhòu,zhou4
纣,zhòu,zhou4
绉,zhòu,zhou4
荮,zhòu,zhou4
籀,zhòu,zhou4
繇,zhòu,zhou4
酎,zhòu,zhou4
诸,zhū,zhu1
朱,zhū,zhu1
珠,zhū,zhu1
猪,zhū,zhu1
株,zhū,zhu1
蛛,zhū,zhu1
洙,zhū,zhu1
诛,zhū,zhu1
铢,zhū,zhu1
茱,zhū,zhu1
邾,zhū,zhu1
潴,zhū,zhu1
槠,zhū,zhu1
橥,zhū,zhu1
侏,zhū,zhu1
术,zhú,zhu2
逐,zhú,zhu2
筑,zhù,zhu2
竹,zhú,zhu2
烛,zhú,zhu2
躅,zhú,zhu2
竺,zhú,zhu2
舳,zhú,zhu2
瘃,zhú,zhu2
主,zhǔ,zhu3
属,zhǔ,zhu3
煮,zhǔ,zhu3
嘱,zhǔ,zhu3
瞩,zhǔ,zhu3
拄,zhǔ,zhu3
褚,zhǔ,zhu3
渚,zhǔ,zhu3
麈,zhǔ,zhu3
住,zhù,zhu4
注,zhù,zhu4
助,zhù,zhu4
著,zhuó,zhu4
驻,zhù,zhu4
祝,zhù,zhu4
筑,zhù,zhu4
柱,zhù,zhu4
铸,zhù,zhu4
伫,zhù,zhu4
贮,zhù,zhu4
箸,zhù,zhu4
炷,zhù,zhu4
蛀,zhù,zhu4
杼,zhù,zhu4
翥,zhù,zhu4
苎,zhù,zhu4
疰,zhù,zhu4
抓,zhuā,zhua1
挝,wō,zhua1
爪,zhuǎ,zhua3
拽,zhuài,zhuai1
转,zhuàn,zhuai3
曳,zhuài,zhuai4
拽,zhuài,zhuai4
嘬,zuō,zhuai4
专,zhuān,zhuan1
砖,zhuān,zhuan1
颛,zhuān,zhuan1
转,zhuàn,zhuan3
传,zhuàn,zhuan4
转,zhuàn,zhuan4
赚,zuàn,zhuan4
撰,zhuàn,zhuan4
沌,zhuàn,zhuan4
篆,zhuàn,zhuan4
啭,zhuàn,zhuan4
馔,zhuàn,zhuan4
装,zhuāng,zhuang1
庄,zhuāng,zhuang1
妆,zhuāng,zhuang1
桩,zhuāng,zhuang1
奘,zhuǎng,zhuang3
状,zhuàng,zhuang4
壮,zhuàng,zhuang4
撞,zhuàng,zhuang4
幢,zhuàng,zhuang4
僮,zhuàng,zhuang4
戆,zhuàng,zhuang4
追,zhuī,zhui1
锥,zhuī,zhui1
隹,zhuī,zhui1
椎,zhuī,zhui1
骓,zhuī,zhui1
坠,zhuì,zhui4
缀,zhuì,zhui4
赘,zhuì,zhui4
惴,zhuì,zhui4
缒,zhuì,zhui4
屯,zhūn,zhun1
谆,zhūn,zhun1
肫,zhūn,zhun1
窀,zhūn,zhun1
准,zhǔn,zhun3
桌,zhuō,zhuo1
捉,zhuō,zhuo1
卓,zhuō,zhuo1
拙,zhuō,zhuo1
涿,zhuō,zhuo1
焯,zhuō,zhuo1
倬,zhuō,zhuo1
着,zhuó,zhuo2
著,zhuó,zhuo2
琢,zuó,zhuo2
缴,jiǎo,zhuo2
灼,zhuó,zhuo2
酌,zhuó,zhuo2
浊,zhuó,zhuo2
濯,zhuó,zhuo2
茁,zhuó,zhuo2
啄,zhuó,zhuo2
斫,zhuó,zhuo2
镯,zhuó,zhuo2
诼,zhuó,zhuo2
禚,zhuó,zhuo2
擢,zhuó,zhuo2
浞,zhuó,zhuo2
资,zī,zi1
咨,zī,zi1
滋,zī,zi1
仔,zǐ,zi1
姿,zī,zi1
吱,zī,zi1
兹,zī,zi1
孜,zī,zi1
谘,zī,zi1
呲,zī,zi1
龇,zī,zi1
锱,zī,zi1
辎,zī,zi1
淄,zī,zi1
髭,zī,zi1
赀,zī,zi1
孳,zī,zi1
粢,zī,zi1
趑,zī,zi1
觜,zuǐ,zi1
訾,zǐ,zi1
缁,zī,zi1
鲻,zī,zi1
嵫,zī,zi1
子,zǐ,zi3
紫,zǐ,zi3
仔,zǐ,zi3
梓,zǐ,zi3
姊,zǐ,zi3
籽,zǐ,zi3
滓,zǐ,zi3
秭,zǐ,zi3
笫,zǐ,zi3
耔,zǐ,zi3
茈,zǐ,zi3
訾,zǐ,zi3
自,zì,zi4
字,zì,zi4
渍,zì,zi4
恣,zì,zi4
眦,zì,zi4
宗,zōng,zong1
踪,zōng,zong1
综,zōng,zong1
棕,zōng,zong1
鬃,zōng,zong1
枞,zōng,zong1
腙,zōng,zong1
总,zǒng,zong3
偬,zǒng,zong3
纵,zòng,zong4
粽,zòng,zong4
邹,zōu,zou1
诹,zōu,zou1
陬,zōu,zou1
鄹,zōu,zou1
驺,zōu,zou1
鲰,zōu,zou1
走,zǒu,zou3
奏,zòu,zou4
揍,zòu,zou4
租,zū,zu1
菹,zū,zu1
足,zú,zu2
族,zú,zu2
卒,zú,zu2
镞,zú,zu2
组,zǔ,zu3
祖,zǔ,zu3
阻,zǔ,zu3
诅,zǔ,zu3
俎,zǔ,zu3
钻,zuàn,zuan1
躜,zuān,zuan1
纂,zuǎn,zuan3
缵,zuǎn,zuan3
赚,zuàn,zuan4
钻,zuàn,zuan4
攥,zuàn,zuan4
堆,zuī,zui1
嘴,zuǐ,zui3
咀,zuǐ,zui3
觜,zuǐ,zui3
最,zuì,zui4
罪,zuì,zui4
醉,zuì,zui4
蕞,zuì,zui4
尊,zūn,zun1
遵,zūn,zun1
樽,zūn,zun1
鳟,zūn,zun1
撙,zǔn,zun3
作,zuò,zuo1
嘬,zuō,zuo1
作,zuò,zuo2
昨,zuó,zuo2
琢,zuó,zuo2
笮,zuó,zuo2
左,zuǒ,zuo3
佐,zuǒ,zuo3
撮,zuǒ,zuo3
作,zuò,zuo4
做,zuò,zuo4
坐,zuò,zuo4
座,zuò,zuo4
凿,zuò,zuo4
柞,zuò,zuo4
怍,zuò,zuo4
胙,zuò,zuo4
阼,zuò,zuo4
唑,zuò,zuo4
祚,zuò,zuo4
酢,zuò,zuo4
